{
  "city": "Belgaum",
  "state": "Karnataka",
  "count": 104,
  "center": {
    "lat": 15.8667,
    "lng": 74.5
  },
  "pumps": [
    {
      "place_id": "ChIJE5MF6ZJlvzsR6guCi3_fkQw",
      "name": "IndianOil",
      "address": "Gp No 2883, Sy No 601/A, 601/D, Machhe, Belagavi",
      "lat": 15.793501,
      "lng": 74.474256,
      "open_now": true
    },
    {
      "place_id": "ChIJHd9zY9plvzsREMbIIaR4_5M",
      "name": "IndianOil",
      "address": "NH 4A, Khanapur Road, Udyambag, Belagavi",
      "lat": 15.814641,
      "lng": 74.491112,
      "open_now": true
    },
    {
      "place_id": "ChIJNaFbO4VkvzsRPbQWYNAuBK8",
      "name": "IndianOil",
      "address": "No 90/2 Sulaga, Uchagaon",
      "lat": 15.85984,
      "lng": 74.44196,
      "open_now": true
    },
    {
      "place_id": "ChIJcd1iKtdlvzsRAY5wGy0WrHo",
      "name": "Desai Petrol Pump",
      "address": "Panjim - Belagavi Main Road, kalameshwar Housing Colony, Udyambag, Belagavi",
      "lat": 15.8186028,
      "lng": 74.4940008,
      "open_now": true
    },
    {
      "place_id": "ChIJ1duOIgBvvzsRx7mdTK1_nA4",
      "name": "Bharath Petroleum",
      "address": "rankundye cros, road, chorla Goa road, Jamboti",
      "lat": 15.7724108,
      "lng": 74.4400318,
      "open_now": true
    },
    {
      "place_id": "ChIJ2XXfz8tkvzsR1mkonqoL8Aw",
      "name": "IndianOil",
      "address": "No 208, Kalmeshwar Galli, Belgundi",
      "lat": 15.8406717,
      "lng": 74.4107092,
      "open_now": true
    },
    {
      "place_id": "ChIJCZ3nZ_JlvzsRiIGNn2ZGN0U",
      "name": "SHRI DANESHWARI PETROLEUM",
      "address": "Chougule Nagar, Ram Nagar, Machhe, Belagavi",
      "lat": 15.7853729,
      "lng": 74.48309189999999,
      "open_now": true
    },
    {
      "place_id": "ChIJQ7oXb4plvzsRUtTDmuMyLq8",
      "name": "M/s V R AMBALE PETROLPUMP",
      "address": "State Highway 54, Brahma Nagar, Belagavi",
      "lat": 15.806111,
      "lng": 74.4861198,
      "open_now": true
    },
    {
      "place_id": "ChIJL85RFU9vvzsRbU1VOmnpvMk",
      "name": "Bharat Petroleum, Goral Petrol Pump",
      "address": "DESUR ON NH-4, Desur",
      "lat": 15.7694494,
      "lng": 74.4888456,
      "open_now": true
    },
    {
      "place_id": "ChIJ6SaOTcdlvzsRtPf8m2SV_lI",
      "name": "Hindustan Petroleum Corporation Limited",
      "address": "Ground Floor, NH 4, Khanapur Road, Udyambag, Belagavi",
      "lat": 15.8212005,
      "lng": 74.49413659999999,
      "open_now": true
    },
    {
      "place_id": "ChIJZwUBslNvvzsRcwKvqb39WnI",
      "name": "Bharat petroleum, Mahalasa Filling Station",
      "address": "QF6Q+HP9, Khanapur Road, Zadshahapur",
      "lat": 15.7614232,
      "lng": 74.48935689999999,
      "open_now": null
    },
    {
      "place_id": "ChIJ45tVeF96vzsRgGGs9Z0UcBs",
      "name": "petrol pump tudiye",
      "address": "Kolhapur",
      "lat": 15.7974848,
      "lng": 74.3581932,
      "open_now": true
    },
    {
      "place_id": "ChIJEXyasNVlvzsR9luu_6EYtyk",
      "name": "Hindustan Petroleum Corporation Limited",
      "address": "No 740/1/3, S, Khanapur Road, Belagavi",
      "lat": 15.823501,
      "lng": 74.497101,
      "open_now": true
    },
    {
      "place_id": "ChIJs_B7CqRmvzsRute8Jyj7Vp4",
      "name": "IndianOil",
      "address": "Ground Floor, Murlidhar Vyas Colony, Belagavi",
      "lat": 15.856703,
      "lng": 74.50651599999999,
      "open_now": true
    },
    {
      "place_id": "ChIJSUck575mvzsRDhvu4M4kVbM",
      "name": "Bharat Petroleum Altrade",
      "address": "1040, Fort Road, Belagavi",
      "lat": 15.8565726,
      "lng": 74.5178724,
      "open_now": null
    },
    {
      "place_id": "ChIJ44-i7w5kvzsR37a7CY1GaQs",
      "name": "Hindustan Petroleum Corporation Limited",
      "address": "Ground Floor, Ganeshpur Road, Belagavi",
      "lat": 15.8643091,
      "lng": 74.4838697,
      "open_now": true
    },
    {
      "place_id": "ChIJ99avb0KSyzsR_dFKhF2TG8U",
      "name": "IndianOil",
      "address": "Survey No 452/6, RHS Going Towards Pune, Khade Bazar, Shivaji Nagar, Belagavi",
      "lat": 15.8648743,
      "lng": 74.5217947,
      "open_now": true
    },
    {
      "place_id": "ChIJtYbnZgFUozsR42VERo7nfa8",
      "name": "IndianOil",
      "address": "Survey No 784, Yellur",
      "lat": 15.7949347,
      "lng": 74.5184616,
      "open_now": true
    },
    {
      "place_id": "ChIJ94kSz-JnvzsRbDmUha8usQE",
      "name": "Bharat Petroleum, Petrol Pump -Shri Mangesh Petrol Stores",
      "address": "BELGAUM, NR 3RD GATE,BELGA, Khanapur Main Road, Tilakwadi, Belagavi",
      "lat": 15.82816,
      "lng": 74.50034219999999,
      "open_now": true
    },
    {
      "place_id": "ChIJVQdEHoBmvzsRWLERmT382_8",
      "name": "IndianOil",
      "address": "Plot No 20, CTS No, 571/B, Congress Road, Tilakwadi, Belagavi",
      "lat": 15.830481,
      "lng": 74.499641,
      "open_now": true
    },
    {
      "place_id": "ChIJeYmTiZpnvzsRvO_W6HHbfZ4",
      "name": "IndianOil",
      "address": "Cross Vaccine Depot Road, No 775, Khanapur Main Road, Angol, Belagavi",
      "lat": 15.8326911,
      "lng": 74.5027102,
      "open_now": true
    },
    {
      "place_id": "ChIJZ4rd9YRmvzsRT6yJyax41Z0",
      "name": "Reliance Petroleum",
      "address": "Cts No 1049, B3, Khanapur Main Road, Tilakwadi, Belagavi",
      "lat": 15.8367405,
      "lng": 74.5070953,
      "open_now": true
    },
    {
      "place_id": "ChIJVaJu8IRmvzsRM54X7Sla4q0",
      "name": "Bharat Petroleum, Petrol Pump -Gogte Petroleum",
      "address": "BELGAUM, NR GOAVES CIRCLE, Belagavi",
      "lat": 15.8372734,
      "lng": 74.50744999999999,
      "open_now": true
    },
    {
      "place_id": "ChIJ6TjsQwBnvzsRDmwLtxzC3jk",
      "name": "Patil petrol pump",
      "address": "RGP9+3PJ, Datta Galli, Adarsh nagar, Vadagoan, Belagavi",
      "lat": 15.8352018,
      "lng": 74.5192723,
      "open_now": true
    },
    {
      "place_id": "ChIJW_KAV7FnvzsRItk-4FOejoA",
      "name": "Sai Shobha petroleum",
      "address": "Cts 30, Khanapur Main Road, Somvar peth, Tilakwadi, Belagavi",
      "lat": 15.8388066,
      "lng": 74.50801,
      "open_now": null
    },
    {
      "place_id": "ChIJo17axjZvvzsRYGfXMBs68wY",
      "name": "Hindustan Petroleum Corporation Limited",
      "address": "S No 27/2, NH 4A, Khanapur Road, Desur",
      "lat": 15.7539101,
      "lng": 74.4919101,
      "open_now": true
    },
    {
      "place_id": "ChIJ3zX1Y6tnvzsRBVsWGqh8JPo",
      "name": "Avalakki Petroleums",
      "address": "Old PB Road, Khasbag, Vadagoan, Belagavi",
      "lat": 15.8379358,
      "lng": 74.5278577,
      "open_now": true
    },
    {
      "place_id": "ChIJa8TmY-1nvzsRlDEJrwKizQw",
      "name": "IndianOil",
      "address": "Yedurappa Marg, Belagavi",
      "lat": 15.833731,
      "lng": 74.533931,
      "open_now": true
    },
    {
      "place_id": "ChIJQ1wOBkpnvzsRiN-u7-Jvf3I",
      "name": "BPCL Energy Station Bharat Petroleum BP - Belgaum City",
      "address": "374, Dharwad Road, Shahapur, Belagavi",
      "lat": 15.8464299,
      "lng": 74.52182909999999,
      "open_now": true
    },
    {
      "place_id": "ChIJr8oFbaJmvzsRwQOKtUrPqts",
      "name": "IndianOil",
      "address": "Ground Floor, opposite GPO, Camp, Belagavi",
      "lat": 15.851753,
      "lng": 74.507019,
      "open_now": true
    },
    {
      "place_id": "ChIJFUbo-O1vvzsRkJWKoIBkiWs",
      "name": "IndianOil",
      "address": "Survey No 321/A, Yellur Road, Desur",
      "lat": 15.7413056,
      "lng": 74.4921233,
      "open_now": true
    },
    {
      "place_id": "ChIJGbHrlaJmvzsRHGkflDfz7nE",
      "name": "IndianOil",
      "address": "Ground Floor, near GPO, Head Post Office Road, Belagavi",
      "lat": 15.8524016,
      "lng": 74.5097713,
      "open_now": true
    },
    {
      "place_id": "ChIJAcR79WZnvzsROV6UvY6gTro",
      "name": "Roopali Service Centre Bharat Petroleum Petrol Pump",
      "address": "opp. Hind Engineering Works, 2a, Dharwad Road, Shahapur, Belagavi",
      "lat": 15.8494481,
      "lng": 74.5216722,
      "open_now": true
    },
    {
      "place_id": "ChIJS76GPZVmvzsRppmTZIsHtjY",
      "name": "IndianOil",
      "address": "Fort Road, Old PB Road, Belagavi",
      "lat": 15.850192,
      "lng": 74.521515,
      "open_now": true
    },
    {
      "place_id": "ChIJCQLPSKRnvzsRLWtN0GNMES0",
      "name": "Bharat Petroleum, Petrol Pump -Narayan Das Shamji",
      "address": "HALGA, P.B.ROAD, NH4,BELGA, Belagavi",
      "lat": 15.8333465,
      "lng": 74.5463705,
      "open_now": true
    },
    {
      "place_id": "ChIJWy5PXQBnvzsRGto0spOINJY",
      "name": "Hp patrol pump",
      "address": "RHH2+X63, Alarwad",
      "lat": 15.8298796,
      "lng": 74.5505555,
      "open_now": null
    },
    {
      "place_id": "ChIJuUN4YJVmvzsRjG98xPS8FQ4",
      "name": "Hindustan Petroleum Corporation Limited",
      "address": "Ground Floor, near Manickbag Auto, Mahadwar Road, Belagavi",
      "lat": 15.85189,
      "lng": 74.52141999999999,
      "open_now": true
    },
    {
      "place_id": "ChIJUXjXxL9mvzsR0-UGjHve4OY",
      "name": "Hindustan Petroleum Corporation Limited",
      "address": "Ground Floor, Mahadwar Road, Shahapur, Belagavi",
      "lat": 15.852761,
      "lng": 74.52080099999999,
      "open_now": true
    },
    {
      "place_id": "ChIJczsC66lvvzsRMoq8kTKjiAw",
      "name": "IndianOil",
      "address": "Survey No 229/3, Wagawade Rc, Desur",
      "lat": 15.7371858,
      "lng": 74.49503109999999,
      "open_now": true
    },
    {
      "place_id": "ChIJWTSx4bhmvzsRyeEPLGU8HZw",
      "name": "Altrade Agencies - Exide Battery",
      "address": "Gajanan Prasad building Deshpande Petrol Pump",
      "lat": 15.8565887,
      "lng": 74.5176439,
      "open_now": true
    },
    {
      "place_id": "ChIJT-8N4L5mvzsRyRXIj85CgHE",
      "name": "Hindustan Petroleum Corporation Limited",
      "address": "Ground Floor, Fort Road, Belagavi",
      "lat": 15.85616,
      "lng": 74.51988999999999,
      "open_now": true
    },
    {
      "place_id": "ChIJ34tOKrlmvzsRZPy7RdYGdD4",
      "name": "IndianOil",
      "address": "Ground Floor, Dharwad Road, Belagavi",
      "lat": 15.857899,
      "lng": 74.51973100000001,
      "open_now": true
    },
    {
      "place_id": "ChIJc8_PQv5nvzsR64Oq5QnP6Hw",
      "name": "Bus Fuelling Station",
      "address": "VG6C+655, Raviwar Peth, Belagavi",
      "lat": 15.8605013,
      "lng": 74.5204846,
      "open_now": null
    },
    {
      "place_id": "ChIJ62QjWwBnvzsRAK8AWhThnE8",
      "name": "BPCL Energy Station Bharat Petroleum BALLOLLI PETROLEUMS",
      "address": "RH4C+QC, Bastawad",
      "lat": 15.80696,
      "lng": 74.5711,
      "open_now": true
    },
    {
      "place_id": "ChIJPVIYU65mvzsRWSAK-AowEIw",
      "name": "Hindustan Petroleum Corporation Limited",
      "address": "S No 3957/184, NH 4A, Khanapur Road, Belagavi",
      "lat": 15.86549,
      "lng": 74.50868000000001,
      "open_now": true
    },
    {
      "place_id": "ChIJe9KuBgBnvzsRdqXeBW1Tpb0",
      "name": "MAHALAKSHMI PETROL PUMP",
      "address": "VG5P+55C, Sambra Road, Maruti Nagar, Gandhi Nagar, Belagavi",
      "lat": 15.8579294,
      "lng": 74.5353878,
      "open_now": null
    },
    {
      "place_id": "ChIJ9V64rY1nvzsRK8sEGRoUehQ",
      "name": "IndianOil",
      "address": "near Aluminium Factory, Ground Floor Sambra Road, near Aluminium Factory, Road, Sambra",
      "lat": 15.8575858,
      "lng": 74.53625559999999,
      "open_now": true
    },
    {
      "place_id": "ChIJM81RMcZmvzsRRXsMbsCLuNE",
      "name": "Hindustan Petroleum Corporation Limited",
      "address": "Shop No 72, 3 to 5, Sambra Road, Gandhi Nagar, Belagavi",
      "lat": 15.862761,
      "lng": 74.52623100000001,
      "open_now": true
    },
    {
      "place_id": "ChIJx2qTn-1nvzsRaRS-xyOSnZI",
      "name": "Bharat Petroleum, Petrol Pump -Jai Hanuman Petroleum",
      "address": "SAMBRA,MUTGA VILLAGE,BELGA, Belagavi",
      "lat": 15.8629936,
      "lng": 74.52568169999999,
      "open_now": true
    },
    {
      "place_id": "ChIJ9-yzasZmvzsRjUKHrMGOpOc",
      "name": "Jio-bp",
      "address": "SURVEY NO: 70/4B, GANDHI NAGAR, BELGAUM - PIN CODE 590006, Busstand Rd, Belagavi",
      "lat": 15.8624573,
      "lng": 74.5273813,
      "open_now": true
    },
    {
      "place_id": "ChIJuZwhsLdmvzsRbmqL58v9sAs",
      "name": "IndianOil",
      "address": "CTS No 10212/22, Shivaji Nagar, Belagavi",
      "lat": 15.864815,
      "lng": 74.521866,
      "open_now": true
    },
    {
      "place_id": "ChIJHfoSUZpnvzsRkFoloSIZbRQ",
      "name": "Bharat Petroleum, Petrol Pump -V.J.Manjrekar & Son",
      "address": "CLUB ROAD BELGAUM, BELGAUM, Belagavi",
      "lat": 15.8673429,
      "lng": 74.5105749,
      "open_now": true
    },
    {
      "place_id": "ChIJnTr8JL1nvzsR3VQOmjYaFE4",
      "name": "Bharat Petroleum, Petrol Pump -Altrade Agencies",
      "address": "Kittur Rani Chennamma Circle, Khade Bazar, Raviwar Peth, Belagavi",
      "lat": 15.8673597,
      "lng": 74.51057589999999,
      "open_now": true
    },
    {
      "place_id": "ChIJxZ3GLXFnvzsRCSe0nw6UORg",
      "name": "IndianOil",
      "address": "New, Sambra Road, Gandhi Nagar, Belagavi",
      "lat": 15.8621597,
      "lng": 74.5299879,
      "open_now": true
    },
    {
      "place_id": "ChIJs_dv2QZnvzsR4nVvQTPpkD0",
      "name": "Go auto gas",
      "address": "K R T C, Bus Stop, N w, NH- 4A, Sadashiv Nagar, Belagavi",
      "lat": 15.8663813,
      "lng": 74.5178497,
      "open_now": true
    },
    {
      "place_id": "ChIJJ4LACtlCvzsREXV1qE4DXm4",
      "name": "Hindustan Petroleum Corporation Limited",
      "address": "10A/2, 10B, S No 220/2, Pune Bangalore Road, Hire Bagewadi",
      "lat": 15.7774501,
      "lng": 74.6357301,
      "open_now": true
    },
    {
      "place_id": "ChIJy9NHqR5nvzsRTIq4SHgjp4s",
      "name": "BPCL Energy Station Bharat Petroleum SHRI MAHALINGESHWAR PETROLEUMS",
      "address": "RH3G+XR, Shaganamatti",
      "lat": 15.8057669,
      "lng": 74.575375,
      "open_now": true
    },
    {
      "place_id": "ChIJl57RVZpnvzsRG8V2JZV7NFU",
      "name": "TANDASHI PETROLEUMS",
      "address": "Shaganamatti",
      "lat": 15.804928,
      "lng": 74.577157,
      "open_now": true
    },
    {
      "place_id": "ChIJn-_MsgFnvzsRoAMUuGFhT1U",
      "name": "Bharat Petroleum Petrol Pump , SAI PETROLEUM",
      "address": "PLOT NO.- 352/3, AIRPORT ROAD,BASAVAN KUDACHI, Belagavi",
      "lat": 15.8582595,
      "lng": 74.56377239999999,
      "open_now": true
    },
    {
      "place_id": "ChIJTxjUhWdjvzsRtJi56MhtIvE",
      "name": "Hindustan Petroleum Corporation Limited",
      "address": "Survey No 10/7, Uchagaon Road, Uchagaon",
      "lat": 15.8772715,
      "lng": 74.42934869999999,
      "open_now": true
    },
    {
      "place_id": "ChIJVSDTvntjvzsRaG9TvQgGqvk",
      "name": "IndianOil",
      "address": "Survey No 118, near Aluminium Factory, Vengurla - Belgaum Road, Sulge",
      "lat": 15.8768096,
      "lng": 74.4449759,
      "open_now": true
    },
    {
      "place_id": "ChIJkVRuWX9jvzsRz3Soeqe4V3U",
      "name": "SHRISTHI PETROLEUMS",
      "address": "VCRF+CC9, Atwad Road",
      "lat": 15.8910412,
      "lng": 74.423615,
      "open_now": null
    },
    {
      "place_id": "ChIJ9x0stcNjvzsRbK12hI3xDDo",
      "name": "Bharat Petroleum Petrol Pump , ROHIT PETROLEUMS",
      "address": "SY. NO. 44/2/3, VENGURLA ROAD,SULGA(U), NEAR FOREST CHECK POST",
      "lat": 15.87580899999999,
      "lng": 74.46123399999999,
      "open_now": true
    },
    {
      "place_id": "ChIJ9QwsJINlvzsRGTDqiYiJ5EY",
      "name": "IndianOil",
      "address": "Sy No 21/16, Ganeshp, Benakanhalli",
      "lat": 15.8632033,
      "lng": 74.4635232,
      "open_now": true
    },
    {
      "place_id": "ChIJb9n6oph9vzsRIvnzUhYtK7A",
      "name": "Hindustan Petroleum Corporation Limited",
      "address": "Survey No 87/1, SH 180, Vengurla - Belgaum Road, Chandgad",
      "lat": 15.8727758,
      "lng": 74.3903046,
      "open_now": true
    },
    {
      "place_id": "ChIJj-TIdBhjvzsRO-9Sxu8ujtI",
      "name": "Bharat petroleum - Petrol Pump, M G Hindalgekar Petroleum",
      "address": "VFHF+CR, Belagavi",
      "lat": 15.8785592,
      "lng": 74.4745186,
      "open_now": null
    },
    {
      "place_id": "ChIJ5aDdIAZkvzsRrmpRi7fsKqw",
      "name": "Hindustan Petroleum Corporation Limited",
      "address": "Ground Floor, NH 63, Vinayak Nagar, Shirguppi",
      "lat": 15.8687299,
      "lng": 74.4873167,
      "open_now": true
    },
    {
      "place_id": "ChIJla1rW1t9vzsRKGgkA5OSHhg",
      "name": "Hindustan Petroleum Corporation Limited",
      "address": "Survey No 147/1, Vengurla - Belgaum Road, Chandgad",
      "lat": 15.8789899,
      "lng": 74.3595023,
      "open_now": true
    },
    {
      "place_id": "ChIJt9CUs05hvzsRAlsKRVnk000",
      "name": "Mujawar Petrol Pump",
      "address": "Nehru Nagar, Belagavi",
      "lat": 15.8812048,
      "lng": 74.5168583,
      "open_now": true
    },
    {
      "place_id": "ChIJIUrk5s5mvzsRab39Di9ZTvU",
      "name": "Hindustan Petroleum Corporation Limited",
      "address": "CTS No 1231, Kanakadasa Circle, near Pai Resorts, Kanabargi Road, Belagavi",
      "lat": 15.8683291,
      "lng": 74.5291441,
      "open_now": true
    },
    {
      "place_id": "ChIJfzEDMsxmvzsR3YDA-fdvAjc",
      "name": "IndianOil",
      "address": "Survey No 1040, 1F, Gokak Road, Mahantesh Nagar, Belagavi",
      "lat": 15.870489,
      "lng": 74.531342,
      "open_now": true
    },
    {
      "place_id": "ChIJbbfkPNpgvzsRzLZeSWJBP9A",
      "name": "IndianOil",
      "address": "Survey No 457/3, Kanbargi, Belagavi",
      "lat": 15.889537,
      "lng": 74.55259699999999,
      "open_now": true
    },
    {
      "place_id": "ChIJJQZ-N5ZhvzsRD3RvyhiUFuI",
      "name": "Jio-bp pulse",
      "address": "Ground Floor, Ayodhya Nagar, Sadashiv Nagar, Alarwad",
      "lat": 15.874882,
      "lng": 74.513398,
      "open_now": true
    },
    {
      "place_id": "ChIJg0nXotNhvzsR3DtR3GoGLko",
      "name": "IndianOil",
      "address": "APMC Road, Sadashiv Nagar, Belagavi",
      "lat": 15.8757116,
      "lng": 74.5128246,
      "open_now": true
    },
    {
      "place_id": "ChIJy5pWWBlhvzsRIImWi9BuiGM",
      "name": "IndianOil",
      "address": "Ground Floor, APMC Road, Belagavi",
      "lat": 15.8785756,
      "lng": 74.5120436,
      "open_now": true
    },
    {
      "place_id": "ChIJB8zpAQBhvzsRLnRYtngDBvI",
      "name": "GasPlus Auto LPG station - Belgaum",
      "address": "Krishnadevaraya Circle, ZOND BUILDING, Old PB Road, Nehru Nagar, Belagavi",
      "lat": 15.8764972,
      "lng": 74.5149254,
      "open_now": true
    },
    {
      "place_id": "ChIJ8XgkUExhvzsRY1hMWNyHPKA",
      "name": "IndianOil",
      "address": "Kolhapur Cross PB Road, Nehru Nagar, Belagavi",
      "lat": 15.877796,
      "lng": 74.51463729999999,
      "open_now": true
    },
    {
      "place_id": "ChIJB2laQ7xhvzsR3lSzg5BsSAs",
      "name": "Shell Petrol Pump",
      "address": "Doctor B R Ambedkar Road, Nehru Nagar, Belagavi",
      "lat": 15.8781638,
      "lng": 74.5155473,
      "open_now": true
    },
    {
      "place_id": "ChIJL1wUV0VhvzsR4QPqJgtBjT8",
      "name": "Hindustan Petroleum Corporation Limited",
      "address": "RS No 46, Plot No 7 & 8, Bauxite Road, Azam Nagar, Belagavi",
      "lat": 15.8858301,
      "lng": 74.51180099999999,
      "open_now": true
    },
    {
      "place_id": "ChIJl2qear9hvzsRR-6rCj1LfDE",
      "name": "Bharat petrol pump",
      "address": "VGP8+W7, Belagavi",
      "lat": 15.8873434,
      "lng": 74.51565660000001,
      "open_now": null
    },
    {
      "place_id": "ChIJ41q3YM9mvzsRXbi4isVrRyc",
      "name": "ALEXIS AUTOGAS",
      "address": "India",
      "lat": 15.8644315,
      "lng": 74.53022969999999,
      "open_now": null
    },
    {
      "place_id": "ChIJV_h2LYRnvzsRkPPOn9BF808",
      "name": "Renuka HP gas Agency",
      "address": "VGGH+3Q8, Sector 12, Mahantesh Nagar, Belagavi",
      "lat": 15.8751653,
      "lng": 74.5294613,
      "open_now": null
    },
    {
      "place_id": "ChIJYa4_uc1mvzsRrnl9Enh0JHE",
      "name": "Bharat Petroleum Arvind Petroleum",
      "address": "State Highway 54, Shivatirtha Colony, Mahantesh Nagar, Belagavi",
      "lat": 15.8715956,
      "lng": 74.5327614,
      "open_now": true
    },
    {
      "place_id": "ChIJSW7673BjvzsRgt8p6oMyffY",
      "name": "Somnath Petroleum",
      "address": "WF2X+85C, Mahadev Road",
      "lat": 15.9008187,
      "lng": 74.4978897,
      "open_now": true
    },
    {
      "place_id": "ChIJz3cyThVhvzsRgopwWqFzGco",
      "name": "IndianOil",
      "address": "Ground Floor, near Indal Aluminium Factory, PB Road, PB Road, Belagavi",
      "lat": 15.8985927,
      "lng": 74.5235096,
      "open_now": true
    },
    {
      "place_id": "ChIJVzdv2tNdvzsRBpNy1Na42N0",
      "name": "IndianOil",
      "address": "Survey No 83, 1, BK Balekundra, Sulebhavi",
      "lat": 15.8750936,
      "lng": 74.6348206,
      "open_now": true
    },
    {
      "place_id": "ChIJietQYBFhvzsRHQqcr8LAD64",
      "name": "Sakshi Bharat petroleum",
      "address": "Old Gokak - Belagavi Road, Kanbargi, Belagavi",
      "lat": 15.8915265,
      "lng": 74.5607754,
      "open_now": true
    },
    {
      "place_id": "ChIJDUTQGVRdvzsRxmENeFAsQK4",
      "name": "SHREE SIDDHALINGESHWARA PETROLEUM - Bharat Petroleum",
      "address": "SURVEY NO. 2, 7, Tirlapur",
      "lat": 15.868395,
      "lng": 74.59771500000001,
      "open_now": true
    },
    {
      "place_id": "ChIJYV25eKZhvzsRU5QbZBtKBxY",
      "name": "GANGA NIVAS (SANJEEV METRI)",
      "address": "VHVC+MFH, Kalkhamb",
      "lat": 15.8941877,
      "lng": 74.5712262,
      "open_now": null
    },
    {
      "place_id": "ChIJkWA17TxhvzsRvaIVf-3Qm6w",
      "name": "IndianOil",
      "address": "Sy No 536, Plot No 4481 H4, Kanbargi, Belagavi",
      "lat": 15.883806,
      "lng": 74.54525000000001,
      "open_now": true
    },
    {
      "place_id": "ChIJmZ1kuElhvzsR1jwuoRFP4YA",
      "name": "Bharat Petroleum - Jagannath Petrol Pump",
      "address": "Belagavi",
      "lat": 15.8975116,
      "lng": 74.5755279,
      "open_now": true
    },
    {
      "place_id": "ChIJAdDLAbNhvzsR-8-0oHxv6bs",
      "name": "Hindustan Petroleum Corporation Limited",
      "address": "Ground Floor, SH 54, Gokak Road, Belagavi",
      "lat": 15.898101,
      "lng": 74.58370099999999,
      "open_now": true
    },
    {
      "place_id": "ChIJ-9_aq9xhvzsRKwoZ5sblrR8",
      "name": "Hindustan Petroleum Corporation Limited",
      "address": "CTS No 5975, C & D, Plot No 1, Stadium Road, Kanabargi, Belagavi",
      "lat": 15.8877066,
      "lng": 74.54128709999999,
      "open_now": true
    },
    {
      "place_id": "ChIJM49WVDNhvzsR9ItPlBsboxE",
      "name": "Bharat Petroleum, Petrol Pump -Mujawar Petroleum",
      "address": "AUTO NAGAR, BELGAUM,BELGAU, Belagavi",
      "lat": 15.898709,
      "lng": 74.54508539999999,
      "open_now": true
    },
    {
      "place_id": "ChIJYS99aBVhvzsRxuTHkbsSB0I",
      "name": "Auto LPG Go gas bunk",
      "address": "7, Bauxite Road, Kamleshwar Nagar, Belagavi",
      "lat": 15.9011063,
      "lng": 74.5212135,
      "open_now": true
    },
    {
      "place_id": "ChIJp9BERmthvzsR4J_r7X36QeU",
      "name": "IndianOil",
      "address": "Survey No 34, Plot No 1E, Industrial Area, Kangrali, Belagavi",
      "lat": 15.9022877,
      "lng": 74.52200429999999,
      "open_now": true
    },
    {
      "place_id": "ChIJy-x7ZJNhvzsRomFxB6G5X6M",
      "name": "Jio-bp pulse",
      "address": "Survey No 29 CTS No 1822/2, No 35, near Jina Bakul, Plot No 3A, Bauxite Road, Kangrali, Belagavi",
      "lat": 15.9016392,
      "lng": 74.5212422,
      "open_now": true
    },
    {
      "place_id": "ChIJuSwgT0VjvzsRjYZdvZvg4oY",
      "name": "Hindustan Petroleum Corporation Limited",
      "address": "Ground Floor, Mahadev Road, Kangrali, Alatage",
      "lat": 15.908801,
      "lng": 74.49438599999999,
      "open_now": true
    },
    {
      "place_id": "ChIJPX8wNaNjvzsRmvjQcV0_f9g",
      "name": "Desai Petroleum. Bharat petroleum",
      "address": "State Highway 141, Alatage",
      "lat": 15.9057172,
      "lng": 74.49500669999999,
      "open_now": true
    },
    {
      "place_id": "ChIJ98fU6Q-ewDsRfJPHnSxpHYs",
      "name": "Rameshwar Petroleum Bharat Petrol CNG Pump",
      "address": "XGH6+737, NH Service Road, Bhutaramanahatti",
      "lat": 15.9781556,
      "lng": 74.51016489999999,
      "open_now": true
    },
    {
      "place_id": "ChIJbyn29HmewDsR1nXvu2z0q_4",
      "name": "Hindustan Petroleum Corporation Limited",
      "address": "No 1, University Road, Belagavi",
      "lat": 16.000541,
      "lng": 74.505071,
      "open_now": true
    },
    {
      "place_id": "ChIJEdql76NhvzsR3-SMifnLopI",
      "name": "Hindustan Petroleum Corporation Limited",
      "address": "Survey No 12/7, NH 4, Pune Bangalore Road, Kakati, Belagavi",
      "lat": 15.935092,
      "lng": 74.52652800000001,
      "open_now": true
    },
    {
      "place_id": "ChIJRS0k_89hvzsRiIxUWhU2af8",
      "name": "Bharat Petroleum, Petrol & cng Pump -Barde Roadlines",
      "address": "BGM NH-4, Kangrali, Belagavi",
      "lat": 15.920621,
      "lng": 74.5256787,
      "open_now": true
    },
    {
      "place_id": "ChIJ75ESSgyewDsRvVb_xW3NV7E",
      "name": "IndianOil - SWAGAT",
      "address": "Ground Floor, PB Road, Honge, Bhutramhatti",
      "lat": 15.9834922,
      "lng": 74.50805179999999,
      "open_now": true
    }
  ]
}