place_id,name,address,latitude,longitude,open_now
"ChIJEa2-E4OzvzsR4uyGQyXgqng","Bharat Petroleum Petrol Pump","NEAR REGINA APARTMENTSACSONA, DIULAR","15.2553627","73.9443113","true"
"ChIJkfFD82VNvjsRVQ0OPvXzmq0","IndianOil","Ground Floor Chinchinim, Salcette, Assolna","15.187579","73.970708","true"
"ChIJJ8MvpBOzvzsRbKvQ_EF41mE","Furtado Fuel Center","6XX9+HJC, Bellem, Navelim","15.2489332","73.9690553","true"
"ChIJ2S8OW5-zvzsRfHM1sSjU7aM","Hindustan Petroleum Corporation Limited","Survey No 77/9 & 77/13 Goa Mumbai Highway, National Highway 66, Navelim","15.2493959","73.9704091","true"
"ChIJwWNKp-mzvzsRnQFvzzHS_6M","BPCL Pump","Madgaon","15.2719078","73.956643","true"
"ChIJx0_-ROizvzsRn2Pj_JDN98U","Y.R. N. Kurade BP Petrol Pump","BP Petrol Pump, Abade Faria Road, Comba, Pajifond, Madgaon","15.2739044","73.9574433","true"
"ChIJESjTsZqzvzsR87Rf2ABTcno","IndianOil","Survey No 44, 2A, Colva Beach Road, Seraulim","15.27925","73.937629","true"
"ChIJJVCFROizvzsRe_xD-UloaF4","Hindustan Petroleum Corporation Limited","Chalta No 215, opposite Municipal Garden, Goa Mumbai Road, Salcete, Madgaon","15.274161","73.957411","true"
"ChIJO9asmVuzvzsRcHBaYjsqx1w","Shree Kamakshi Filling Station ADHOC","Abade Faria Road, Comba, Pajifond, Madgaon","15.2742746","73.9574068","true"
"ChIJrYvD9jJNvjsRM3wlo0JR62c","IndianOil","Ground Floor NH 17, Cuncolim, Salcete, Barsen","15.196733","73.99673299999999","true"
"ChIJt_IleABNvjsR7IyRzU-Bby4","Hindustan Petroleum Corporation Limited","ground floor, Quitol, Betul, Quepem","15.2759619","73.9583889","true"
"ChIJV0YB7OezvzsRCZYAbpVaoO4","Hindustan Petroleum Corporation Limited","Chalta No 171, No 207, PT Sheet, Salcete, Padre Miranda Road, Madgaon","15.277011","73.958411","true"
"ChIJ75qyPgCzvzsRKDF0Wl-WLXk","Mohidin Auto Care Centre","7XH5+4GH, nr. CINEMETROPLOE, Pajifond, Madgaon","15.2778208","73.95887429999999","true"
"ChIJz0XKBxKzvzsRvoum0jLMp8s","Bharat Petroleum","nr. CINEMETROPLOE, Madgaon","15.277884","73.95877060000001","true"
"ChIJFwMiHIOyvzsRK8H_XEvRzWQ","IndianOil","S No 24/2, Margao Quepem Road Assolda, Salcete, Mulem","15.2371048","74.02614849999999","true"
"ChIJb94ruD1NvjsR4dFzd63T5m8","BP Petrol Pump","Cuncolim","15.1784534","73.99896729999999","true"
"ChIJ1zhJryZNvjsRmbOTlpGHGCc","Hindustan Petroleum Corporation Limited","Survey No 269, near Cuncolim, 2C, Road, Industrial State, Ambavali","15.184906","74.017938","true"
"ChIJ1_-ZRH2zvzsRznrYvO5OVcI","LPG Godown Margao gas distributor","7229+5J, Sao Jose De Areal","15.250428","74.0191112","true"
"ChIJcz8mflGzvzsR5CZ_OgIjMCI","Ramnathkar Petroleum","next to Military Camp, Dikarpal","15.2545229","73.9939469",""
"ChIJ648fRACzvzsRMZnF4H_qtbs","Bharat Petrol Pump","7X3V+RGF, Lakaki, Dikarpal","15.2545687","73.9938071",""
"ChIJ8wpQbgCtvzsRHHviAfYevUs","Amey Fuel Station IndianOil","6396+WJF, Quepem","15.21982","74.0615332","true"
"ChIJD7eenrtNvjsRIIVNmU7fols","Dessai Petrol Pump","NH 66, Pattem, Bally","15.1485504","74.02006659999999","true"
"ChIJZfA3lhKtvzsRyuG2jguh_lE","Hindustan Petroleum Corporation Limited","Survey No 152, near Municipal Garden, 3 SH 40, Margao - Quepem Road, Quepem","15.214241","74.070601","true"
"ChIJhas7SC-tvzsRse8_RPTXHEw","Quepem Gas Station","Shop No.2, near Petrol Pump, Quepem","15.2146357","74.0705954","true"
"ChIJJ6j9HMmtvzsRDE47KQW9k3Y","6/67 RVS","6/67, Garden Street, Quepem","15.2148983","74.07082430000001",""
"ChIJs9RlNGysvzsRBnsMbRxxEHQ","Girish Petroleums/ Pauskar Petrol Pump","74C5+9JX, Sanvardem","15.2709804","74.1090962","true"
"ChIJr4hdJHhTvjsRy4Vx-TNK6a0","Shubhra Petroleum","Shubhra Petroleum, Sirvoi","15.1934382","74.0972491",""
"ChIJ3x_8ffKsvzsRDI2zptFOTm8","IndianOil","Ground Floor, Xeldem","15.240984","74.097511","true"
"ChIJmas1IXOtvzsR7Tf1WCCfefg","HP GAS ANUBHAV GAS SERVICE","G 4 12, BANSAI PLAZA, BANSAI, Kakoda, Vodlemol Cacora","15.2538347","74.1040281",""
"ChIJoXTr4sqtvzsR7lN1BZ5F3rA","Navadurga Petroleum","Ambedkar Chowk, Hodar","15.2586018","74.1055691","true"
"ChIJw7wpLwCtvzsRA1vEavVZ0aE","Hindustan Petroleum Corporation Limited","Ground Floor, near Dr Ambedkar Circle, Maruti Gad Road, Quepem, Vodlemol Cacora","15.2584466","74.10589089999999","true"
"ChIJM6mn0mWsvzsRPMBO-NFZFIw","Abdul Razak Petrol Pump (Bharat Petroleum)","BEPQUEGAL, Vodlemol Cacora","15.2612419","74.1071022","true"
"ChIJYXxqTiatvzsRbRZzhqlEq1w","Bharat Petroleum, Petrol Pump - United Service Centre","nr. BUS STAND, SALCETE, Sanvardem","15.2616373","74.1070367","true"
"ChIJQ3aMTEGrvzsR7TyNBRJ1WR0","R N KARPE & CO","Sanguem Road, Dando, Sanguem","15.2263669","74.13923009999999",""
"ChIJh3blxXGsvzsRdrZkwGBoVAw","Hindustan Petroleum Corporation Limited","Survey No 36/9, near Tisk, Curchorem - Ponda Road, Quepem, Curchorem","15.268081","74.113311","true"
"ChIJJcplN3yxvzsRW2ATk2eS5Dk","Hindustan Petroleum Corporation Limited","Royal Enfield Showroom, No 5 & 57, Margao Bypass Road PT Sheet, Salcete, Fatorda, Arlem, Madgaon","15.290841","73.976491","true"
"ChIJ_4XeftOzvzsRIihTm_ZcMTI","Clarina BPCL Petrol Pump","Vidyanagar, Gogol Housing Board, Madgaon","15.2829212","73.98026829999999","true"
"ChIJP8LlSxyxvzsRC-Fo2i9AF0Q","Hindustan Petroleum Corporation Limited","Chalta No 15, Margao Ponda Road, Salc, Fatorda, Madgaon","15.296671","73.96963099999999","true"
"ChIJ8f_OH2WxvzsRADzL0bHT1hs","HP PETROL PUMP - DURGA S.CENTRE","Plot No.44, Margao - Ponda Highway, Fatorda, Madgaon","15.2965973","73.9702635","true"
"ChIJN8auyK6xvzsRAe6aO9Y4_qU","IndianOil","Indian Oil Coco, Margao - Ponda Highway, Loutolim","15.3277427","73.989744","true"
"ChIJl-3VDkewvzsRlXBVGXb9wj4","Bharat Petrol Pump (Shree Kamakshi Filling Station)","near Borim Bridge, Borim","15.3504533","74.0044592","true"
"ChIJTeAHdlOxvzsR9mLrhaTinQw","Hindustan Petroleum Corporation Limited","Survey No 163, Rmc Plant, near Adwalpalkar Strongest, 1/A, Salcete, Loutolim","15.347739","73.96823599999999","true"
"ChIJKxl0QgCrvzsRDZiAfljx9yA","CNG pump","74XF+PHQ, Bandoli","15.2993265","74.12399599999999",""
"ChIJRZOS4lepvzsRDvSRgeAMsOc","Bharat Petroleum","842M+3WH, State Highway 7, Bandoli","15.3001953","74.1348745",""
"ChIJg9IDHv25vzsRauR7feIYmsY","BP Petrol Pump","Kesarval, National Highway Road 17, Cortalim","15.37855","73.926264","true"
"ChIJl7GB_063vzsRuXAtl31HZMU","Hindustan Petroleum Corporation Limited","Survey No 46/1, National Highway 66, Verna, Mumbai","15.361322","73.927551","true"
"ChIJBcuLKt-5vzsR8Vc15ynp96U","Hindustan Petroleum Corporation Limited","Survey No 64/3 Airport Road, National Highway 566, Mormugao","15.3770905","73.9067604","true"
"ChIJWdr36Ni5vzsRjZ0P4OGIgGU","BPCL Petrol Bunk","","15.3763652","73.9047689","true"
"ChIJW27Ww1e3vzsRGx_7qffCDvA","IndianOil","Ground Floor, NH 17, Madgaon Panaji Road, Verna","15.3745526","73.9258076","true"
"ChIJXXRCyuS5vzsRmgZ6jr-O12o","IndianOil","Ground Floor, National Highway 66, Kesarval, Cortalim","15.3829155","73.92409839999999","true"
"ChIJYew0Ioi3vzsRLR_EOE5d0_4","Bharat Petroleum, Petrol Pump -Friends Auto Service","9VFM+PG4, Zuarinagar, Sancoale","15.3743904","73.8839347","true"
"ChIJ2YpbXiy4vzsR-W4c8OX5dbo","IndianOil","Ground Floor, Zuarinagar, Sancoale","15.376395","73.881045","true"
"ChIJTaHt1D25vzsRt9XrLpcSLrY","IOAGPL CGS, South Goa","9VGG+C9R, Sancoale","15.3761031","73.8759041",""
"ChIJd0OqtQy5vzsRqU-uvPURLBA","Petrol pump","CW55+5FV, near Ferry Point, Quelossim","15.4079779","73.90866",""
"ChIJiZ6CLQC5vzsRRdddeeUZYJw","HPCL petrol pump","9VPG+HCH, Sancoale","15.3864399","73.8761033",""
"ChIJA9wNgA2wvzsRq_myBrqZQ8k","Bharat Petroleum and CNG & EV Charging","opp. Top Cola, 17B, National Highway, Borim","15.3705444","74.00956790000001","true"
"ChIJBQq-3fulvzsRQse17Xz5EKM","IndianOil","Ground Floor, Sanguem, Tamsoda, Dharbandora, Khandepar","15.3993383","74.0059176","true"
"ChIJW0Ieucu6vzsRVW8YDIiBst0","Hindustan Petroleum Corporation Limited","Survey No 79 & 80, Neha Ngr, Panjim Hwy, Salla, Curti, Belagavi","15.409452","74.02569199999999","true"
"ChIJOxYkCwCxvzsRd9qRLqwmXlM","भारत पेट्रोलियम, सीएनजी","9286+2X6, Borim","15.3650456","74.0123851",""
"ChIJ8WUxbQCxvzsRpR9HCQn_4NI","Sidharth Agencies","92C5+6RV, Borim","15.3706229","74.009557",""
"ChIJZwfgVnWwvzsRpHobOyzYS0g","Hindustan Petroleum Corporation Limited","Survey No 29/1, NH 748, Belgaum Panaji Highway, Dhavali, Ponda","15.381351","74.005961","true"
"ChIJJ32hZs-xvzsRbNHiWGPWVL8","Tirumala petroleum","Betora","15.3771628","74.0176573","true"
"ChIJmZ3uc4-xvzsRgllngYXM1AI","IndianOil","Ground Floor, Ponda","15.3774209","74.01754729999999","true"
"ChIJ-ao3J2a7vzsRM2DeM25HtmU","IndianOil","Ground Floor, Ponda - Margao Highway, Ponda","15.3993383","74.0059176","true"
"ChIJeZTbuZW6vzsRR-XNkhAXn_I","Hindustan Petroleum Corporation Limited","Survey No 34/1, Dada Vaidya Chowk, near Old Bus Stand, Market Road, Sadar, Ponda","15.4002292","74.00432010000002","true"
"ChIJZ3XwuZW6vzsRB3CeXtcO7PU","Borkar Petrol pump बोरकार पेट्रोल पंप","Upper Bazaar, Ponda","15.4023873","74.0070059","true"
"ChIJMw2V-6OlvzsRK4GCBelNbhQ","Bharat Petroleum","National Highway 4A, Tisk Usgao, Tisca","15.4152372","74.08333689999999",""
"ChIJs5ltO3SlvzsR4yP1UJQHdjU","IndianOil","Ground Floor Ponda, Ghotmod Usgao, Khandepar","15.41746","74.06591","true"
"ChIJX7NUaKalvzsRraR1ENxEB00","Hindustan Petroleum Corporation Limited","Survey No 247/2, Tisca Market Road Usgaon, Ponda, Tisk","15.419511","74.081621","true"