place_id,name,address,latitude,longitude,open_now
"ChIJJcplN3yxvzsRW2ATk2eS5Dk","Hindustan Petroleum Corporation Limited","Royal Enfield Showroom, No 5 & 57, Margao Bypass Road PT Sheet, Salcete, Fatorda, Arlem, Madgaon","15.290841","73.976491","true"
"ChIJ_4XeftOzvzsRIihTm_ZcMTI","Clarina BPCL Petrol Pump","Vidyanagar, Gogol Housing Board, Madgaon","15.2829212","73.98026829999999","true"
"ChIJl7GB_063vzsRuXAtl31HZMU","Hindustan Petroleum Corporation Limited","Survey No 46/1, National Highway 66, Verna, Mumbai","15.361322","73.927551","true"
"ChIJESjTsZqzvzsR87Rf2ABTcno","IndianOil","Survey No 44, 2A, Colva Beach Road, Seraulim","15.27925","73.937629","true"
"ChIJz0XKBxKzvzsRvoum0jLMp8s","Bharat Petroleum","nr. CINEMETROPLOE, Madgaon","15.277884","73.95877060000001","true"
"ChIJV0YB7OezvzsRCZYAbpVaoO4","Hindustan Petroleum Corporation Limited","Chalta No 171, No 207, PT Sheet, Salcete, Padre Miranda Road, Madgaon","15.277011","73.958411","true"
"ChIJ75qyPgCzvzsRKDF0Wl-WLXk","Mohidin Auto Care Centre","7XH5+4GH, nr. CINEMETROPLOE, Pajifond, Madgaon","15.2778208","73.95887429999999","true"
"ChIJO9asmVuzvzsRcHBaYjsqx1w","Shree Kamakshi Filling Station ADHOC","Abade Faria Road, Comba, Pajifond, Madgaon","15.2742746","73.9574068","true"
"ChIJJVCFROizvzsRe_xD-UloaF4","Hindustan Petroleum Corporation Limited","Chalta No 215, opposite Municipal Garden, Goa Mumbai Road, Salcete, Madgaon","15.274161","73.957411","true"
"ChIJt_IleABNvjsR7IyRzU-Bby4","Hindustan Petroleum Corporation Limited","ground floor, Quitol, Betul, Quepem","15.2759619","73.9583889","true"
"ChIJx0_-ROizvzsRn2Pj_JDN98U","Y.R. N. Kurade BP Petrol Pump","BP Petrol Pump, Abade Faria Road, Comba, Pajifond, Madgaon","15.2739044","73.9574433","true"
"ChIJwWNKp-mzvzsRnQFvzzHS_6M","BPCL Pump","Madgaon","15.2719078","73.956643","true"
"ChIJEa2-E4OzvzsR4uyGQyXgqng","Bharat Petroleum Petrol Pump","NEAR REGINA APARTMENTSACSONA, DIULAR","15.2553627","73.9443113","true"
"ChIJP8LlSxyxvzsRC-Fo2i9AF0Q","Hindustan Petroleum Corporation Limited","Chalta No 15, Margao Ponda Road, Salc, Fatorda, Madgaon","15.296671","73.96963099999999","true"
"ChIJ8f_OH2WxvzsRADzL0bHT1hs","HP PETROL PUMP - DURGA S.CENTRE","Plot No.44, Margao - Ponda Highway, Fatorda, Madgaon","15.2965973","73.9702635","true"
"ChIJJ8MvpBOzvzsRbKvQ_EF41mE","Furtado Fuel Center","6XX9+HJC, Bellem, Navelim","15.2489332","73.9690553","true"
"ChIJN8auyK6xvzsRAe6aO9Y4_qU","IndianOil","Indian Oil Coco, Margao - Ponda Highway, Loutolim","15.3277427","73.989744","true"
"ChIJl-3VDkewvzsRlXBVGXb9wj4","Bharat Petrol Pump (Shree Kamakshi Filling Station)","near Borim Bridge, Borim","15.3504533","74.0044592","true"
"ChIJ648fRACzvzsRMZnF4H_qtbs","Bharat Petrol Pump","7X3V+RGF, Lakaki, Dikarpal","15.2545687","73.9938071",""
"ChIJcz8mflGzvzsR5CZ_OgIjMCI","Ramnathkar Petroleum","next to Military Camp, Dikarpal","15.2545229","73.9939469",""
"ChIJ2S8OW5-zvzsRfHM1sSjU7aM","Hindustan Petroleum Corporation Limited","Survey No 77/9 & 77/13 Goa Mumbai Highway, National Highway 66, Navelim","15.2493959","73.9704091","true"
"ChIJTeAHdlOxvzsR9mLrhaTinQw","Hindustan Petroleum Corporation Limited","Survey No 163, Rmc Plant, near Adwalpalkar Strongest, 1/A, Salcete, Loutolim","15.347739","73.96823599999999","true"
"ChIJ1_-ZRH2zvzsRznrYvO5OVcI","LPG Godown Margao gas distributor","7229+5J, Sao Jose De Areal","15.250428","74.0191112","true"
"ChIJs9RlNGysvzsRBnsMbRxxEHQ","Girish Petroleums/ Pauskar Petrol Pump","74C5+9JX, Sanvardem","15.2709804","74.1090962","true"
"ChIJFwMiHIOyvzsRK8H_XEvRzWQ","IndianOil","S No 24/2, Margao Quepem Road Assolda, Salcete, Mulem","15.2371048","74.02614849999999","true"
"ChIJYXxqTiatvzsRbRZzhqlEq1w","Bharat Petroleum, Petrol Pump - United Service Centre","nr. BUS STAND, SALCETE, Sanvardem","15.2616373","74.1070367","true"
"ChIJM6mn0mWsvzsRPMBO-NFZFIw","Abdul Razak Petrol Pump (Bharat Petroleum)","BEPQUEGAL, Vodlemol Cacora","15.2612419","74.1071022","true"
"ChIJoXTr4sqtvzsR7lN1BZ5F3rA","Navadurga Petroleum","Ambedkar Chowk, Hodar","15.2586018","74.1055691","true"
"ChIJw7wpLwCtvzsRA1vEavVZ0aE","Hindustan Petroleum Corporation Limited","Ground Floor, near Dr Ambedkar Circle, Maruti Gad Road, Quepem, Vodlemol Cacora","15.2584466","74.10589089999999","true"
"ChIJh3blxXGsvzsRdrZkwGBoVAw","Hindustan Petroleum Corporation Limited","Survey No 36/9, near Tisk, Curchorem - Ponda Road, Quepem, Curchorem","15.268081","74.113311","true"
"ChIJmas1IXOtvzsR7Tf1WCCfefg","HP GAS ANUBHAV GAS SERVICE","G 4 12, BANSAI PLAZA, BANSAI, Kakoda, Vodlemol Cacora","15.2538347","74.1040281",""
"ChIJKxl0QgCrvzsRDZiAfljx9yA","CNG pump","74XF+PHQ, Bandoli","15.2993265","74.12399599999999",""
"ChIJ3x_8ffKsvzsRDI2zptFOTm8","IndianOil","Ground Floor, Xeldem","15.240984","74.097511","true"
"ChIJg9IDHv25vzsRauR7feIYmsY","BP Petrol Pump","Kesarval, National Highway Road 17, Cortalim","15.37855","73.926264","true"
"ChIJBcuLKt-5vzsR8Vc15ynp96U","Hindustan Petroleum Corporation Limited","Survey No 64/3 Airport Road, National Highway 566, Mormugao","15.3770905","73.9067604","true"
"ChIJWdr36Ni5vzsRjZ0P4OGIgGU","BPCL Petrol Bunk","","15.3763652","73.9047689","true"
"ChIJW27Ww1e3vzsRGx_7qffCDvA","IndianOil","Ground Floor, NH 17, Madgaon Panaji Road, Verna","15.3745526","73.9258076","true"
"ChIJXXRCyuS5vzsRmgZ6jr-O12o","IndianOil","Ground Floor, National Highway 66, Kesarval, Cortalim","15.3829155","73.92409839999999","true"
"ChIJYew0Ioi3vzsRLR_EOE5d0_4","Bharat Petroleum, Petrol Pump -Friends Auto Service","9VFM+PG4, Zuarinagar, Sancoale","15.3743904","73.8839347","true"
"ChIJ2YpbXiy4vzsR-W4c8OX5dbo","IndianOil","Ground Floor, Zuarinagar, Sancoale","15.376395","73.881045","true"
"ChIJTaHt1D25vzsRt9XrLpcSLrY","IOAGPL CGS, South Goa","9VGG+C9R, Sancoale","15.3761031","73.8759041",""
"ChIJiZ6CLQC5vzsRRdddeeUZYJw","HPCL petrol pump","9VPG+HCH, Sancoale","15.3864399","73.8761033",""
"ChIJd0OqtQy5vzsRqU-uvPURLBA","Petrol pump","CW55+5FV, near Ferry Point, Quelossim","15.4079779","73.90866",""
"ChIJA9wNgA2wvzsRq_myBrqZQ8k","Bharat Petroleum and CNG & EV Charging","opp. Top Cola, 17B, National Highway, Borim","15.3705444","74.00956790000001","true"
"ChIJBQq-3fulvzsRQse17Xz5EKM","IndianOil","Ground Floor, Sanguem, Tamsoda, Dharbandora, Khandepar","15.3993383","74.0059176","true"
"ChIJW0Ieucu6vzsRVW8YDIiBst0","Hindustan Petroleum Corporation Limited","Survey No 79 & 80, Neha Ngr, Panjim Hwy, Salla, Curti, Belagavi","15.409452","74.02569199999999","true"
"ChIJ8WUxbQCxvzsRpR9HCQn_4NI","Sidharth Agencies","92C5+6RV, Borim","15.3706229","74.009557",""
"ChIJZwfgVnWwvzsRpHobOyzYS0g","Hindustan Petroleum Corporation Limited","Survey No 29/1, NH 748, Belgaum Panaji Highway, Dhavali, Ponda","15.381351","74.005961","true"
"ChIJOxYkCwCxvzsRd9qRLqwmXlM","भारत पेट्रोलियम, सीएनजी","9286+2X6, Borim","15.3650456","74.0123851",""
"ChIJmZ3uc4-xvzsRgllngYXM1AI","IndianOil","Ground Floor, Ponda","15.3774209","74.01754729999999","true"
"ChIJJ32hZs-xvzsRbNHiWGPWVL8","Tirumala petroleum","Betora","15.3771628","74.0176573","true"
"ChIJeZTbuZW6vzsRR-XNkhAXn_I","Hindustan Petroleum Corporation Limited","Survey No 34/1, Dada Vaidya Chowk, near Old Bus Stand, Market Road, Sadar, Ponda","15.4002292","74.00432010000002","true"
"ChIJ-ao3J2a7vzsRM2DeM25HtmU","IndianOil","Ground Floor, Ponda - Margao Highway, Ponda","15.3993383","74.0059176","true"
"ChIJZ3XwuZW6vzsRB3CeXtcO7PU","Borkar Petrol pump बोरकार पेट्रोल पंप","Upper Bazaar, Ponda","15.4023873","74.0070059","true"
"ChIJs5ltO3SlvzsR4yP1UJQHdjU","IndianOil","Ground Floor Ponda, Ghotmod Usgao, Khandepar","15.41746","74.06591","true"
"ChIJMw2V-6OlvzsRK4GCBelNbhQ","Bharat Petroleum","National Highway 4A, Tisk Usgao, Tisca","15.4152372","74.08333689999999",""
"ChIJX7NUaKalvzsRraR1ENxEB00","Hindustan Petroleum Corporation Limited","Survey No 247/2, Tisca Market Road Usgaon, Ponda, Tisk","15.419511","74.081621","true"
"ChIJj4wQwqqlvzsRIb9i94sUtc8","IndianOil","Survey No 227/1/A Ponda, SH 03, Usgaon","15.430955","74.079056","true"
"ChIJIQ1YwqqlvzsRABdNBetppdw","Saidatta Petroleum Petrol Bunk","227/1-A, Usgaon","15.4311165","74.0789662","true"
"ChIJ2e1e2Om4vzsRT723nKSTVZ0","IndianOil","near Football Ground, Survey No 183/13 Bambolim,Batim, near Football Ground, Agaçaim","15.439803","73.873283","true"
"ChIJu_cJ-Om-vzsRMyZY8I7IBJ4","Bharat Petroleum, Petrol Pump Cng station-West Coast Petroleum","BAINGUINIM,RIBANDER BYPASS, NORTH GOA","15.487715","73.9055534","true"
"ChIJyy4zt5u-vzsRJcgDhUbfIOI","IndianOil","National Highway 748, Taluka, Ilhas, Corlim","15.4969985","73.92803049999999","true"
"ChIJpcQMgQq9vzsR9DVGnO5PYWk","IndianOil","Survey No 25/1, Tiswadi, Baingini","15.4875656","73.9033819","true"
"ChIJ0dMIFI27vzsRu15zWGbdC0A","Hindustan Petroleum Corporation Limited","Plot No A/10, Panjim - Belagavi Main Road, Manaswada, Belagavi","15.4626558","73.96096639999999","true"
"ChIJdf6Aj_O7vzsRXYul_uDVw60","Manguirish Petrol Services & CNG Station","Priol","15.449751","73.96978349999999","true"
"ChIJk4YkkKO7vzsR_Sk1erafvq8","IndianOil","Ground Floor NH 4 A, Priol, Ponda","15.442535","73.974834","true"
"ChIJ04nKkaO7vzsR24mcHCuodCw","PT","India","15.4426395","73.975117",""
"ChIJmR2cjo2-vzsRMp1RbBhT3dg","Hindustan Petroleum Corporation Limited","next to SBI Bank, Survey No 95/4 Old Goa Road, NH 748, Tiswadi, next to SBI Bank","15.500481","73.916491","true"
"ChIJoysKwTi8vzsR0NDXCix6hkM","Hindustan Petroleum Corporation Limited","Survey No, 28/1B, Road Pond, Zuwarwada, Marcel, Tivren","15.4986246","73.9577719","true"
"ChIJi7epasKkvzsRhsKDfb1L5uk","Hindustan Petroleum Corporation Limited","No B/8, P/178/5, 6, 7 & 18, 2960, Pale, Sanquelim Road, Bhamai, Surla","15.446051","74.05205099999999","true"
"ChIJh-LhDgClvzsRFlYv3xLSO1s","Laxmi petroleum","Sanquelim–velguem–Surla-Usgao Road, Usgaon","15.444313","74.059085",""