place_id,name,address,latitude,longitude,open_now
"ChIJF554g9enGToRncGUqGCz-Is","IndianOil","National Highway 16, Patrapada, Bhubaneswar","20.2435987","85.76889949999999","true"
"ChIJWWSapP6oGToROaFhbob9d8w","Petrol Pump","6PGH+FW8, Santarapur","20.2261596","85.7298424","true"
"ChIJucYIdW-mGToRO-dBikWFOmk","Anjana Filling Station BPCL","6Q2W+6GM, Kantilo","20.2005902","85.79629249999999","true"
"ChIJazvmfZGnGToRdFCkR3KP9ec","IndianOil","National Highway 16, Baramunda, Bhubaneswar","20.26515","85.79245759999999","true"
"ChIJNU964WCpGToRnibaMNXXrPs","Hindustan Petroleum Corporation Limited","Ground Floor, Rajpath, Bhatakuri","20.2094501","85.6881401","true"
"ChIJhdmuyIanGToR4J2lmZgnF3Q","Hindustan Petroleum Corporation Limited","Ground Floor, Fire Station Road, Paika Nagar, Baramunda, Bhubaneswar","20.276661","85.801921","true"
"ChIJOcwg4xCpGToR2mWZLpm6uF4","IndianOil - SWAGAT","Ground Floor NH 16, Tamando, Bijipur","20.2322916","85.74219350000001","true"
"ChIJP0eAlv2oGToRRasZZoS-dfM","Hindustan Petroleum Corporation Limited","Ground Floor, National Highway 16, Somnathpur, Janla","20.223401","85.726901","true"
"ChIJx8mvZWWnGToRvvTE8vOT-Jo","IndianOil","Lock No 23008, NH 5, 10/2, Aiginia, Kuber Puri, Bhubaneswar","20.2452","85.7787","true"
"ChIJzZeezU2nGToR1PbFYPXWivg","CNG Gas station, GAIL","6QWJ+MH6, Shreekhetra Vihar, Khandagiri, Bhubaneswar","20.2466552","85.781466","true"
"ChIJF4CpaG-nGToRfc3x3KlLu5Y","Bharat Petroleum, Petrol Pump-Khandagiri fuel station","Bhubaneswar","20.2549707","85.78732289999999","true"
"ChIJyywFhh6nGToRofRF1lZ6-D8","My Fuel","Maa Kali Building, Petrol Pump, Ghatikia, Bhubaneswar","20.2706351","85.77731080000001",""
"ChIJ6XB6A8ipGToRzsLFoPQG3vY","Bharat Petroleum BP BBSR NXT","7QG7+5GF, Kalinganagar, Bhubaneswar","20.2758379","85.7637171","true"
"ChIJX3bU1_OnGToRQF-7F2ovH5c","IndianOil","Ghatikia, Khandagiri, Bhubaneswar","20.272111","85.782111","true"
"ChIJ9SX3FgGnGToRWev1V01MPIQ","Hindustan Petroleum Corporation Limited","Plot No 456, Pokhariput, Bhubaneswar","20.23768979999999","85.81107039999999","true"
"ChIJL02ZUrinGToRX7qtsSs5gBc","CNG FILLING GAIL POKHARIPUT","Pokhariput Main Road, Pokhariput, Bhubaneswar","20.2438207","85.80991949999999","true"
"ChIJR4cu-IKnGToRwAaPFBsjrZg","Saikrupa Fuels","banki Road, Gobind Pur, cuttack","20.23984759999999","85.81187609999999",""
"ChIJyw-ZXq2pGToR1qx5gdlDLhI","IndianOil","Ground Floor, Janala NH 5, Ogalpada, Talakheta, Angarpada","20.21027999999999","85.69744","true"
"ChIJpeDbkvumGToRnHrWqZYH7KE","IndianOil","Ground Floor Airfield, Sundarpada, Bankual, Bhubaneswar","20.2266844","85.8141201","true"
"ChIJ34Yw39inGToRhD50DBgknHA","Champaty Filling Station","6RG7+MMC, Jatni Road, Bhimatangi Housing Colony, Bhubaneswar","20.2266812","85.8141299","true"
"ChIJYaPW-mipGToR8nVNrgHCItg","GAIL Balaji Filling Station","6M6W+7Q6, Near Maa Bata Bhuasuni Temple, Ogalapada, Radhacharanpur, Janla, Bhubaneswar","20.2106507","85.6968797","true"
"ChIJ-RlLp9epGToRjz29iMjiojU","Hindustan Petroleum Corporation Limited","Ground Floor Jathni, Janla, Gobindapur","20.203971","85.697081","true"
"ChIJUyc9osanGToR2fizalKDQec","Karan Mobile","Bus Stand, 136, RBI Colony, Baramunda, Bhubaneswar","20.2751885","85.7908999",""
"ChIJyQfe9OynGToReYrwXSCJ5jQ","IndianOil","Ground Floor, Jagamara, Bhubaneswar","20.267427","85.801253","true"
"ChIJ41yEqJynGToRCcibrlr4XnE","Petrol Station BP","82, University Agriculture Farm Road, Soubhagya Nagar, Baramunda, Bhubaneswar","20.268196","85.8027254","true"
"ChIJjfC4-oinGToRxQmLuLdwBZY","Hindustan Petroleum Corporation Limited","Ground Floor, Baramunda, Bhubaneswar","20.2769701","85.7954201","true"
"ChIJsU1XBgCnGToRaZk8W56A_5M","Sumeet Security Service","7RC3+5QP, Lane 4, Satabdi Nagar, Baramunda, Bhubaneswar","20.2704544","85.8044547",""
"ChIJWQuvVQCnGToRnXjZCyBbzN4","Kk","7QHV+GWM, Baramunda, Bhubaneswar","20.2788292","85.7947875",""
"ChIJ98xz82CpGToRYL9f35-2oFk","Petroleum","India","20.2083168","85.6875295",""
"ChIJZwvBo9ipGToRUTMcEbyhqS8","AROHI ENTERPRISES","Odisha Mouza - Bhatakhuri, Gangapada","20.2080549","85.6874361","true"
"ChIJt_oVOwCpGToR8LRhuuGDBXk","BPC bunk truck parking","6M5Q+22R, Odisha Mouza - Bhatakhuri, Gangapada","20.2076156","85.68752719999999",""
"ChIJk-j6SXenGToRm2LNz_bY6pk","Sahoo babu","L-197, Bhubaneswar","20.2805591","85.796087","true"
"ChIJDWFISIupGToR4CEx8i8v34Q","Bharat Petroleum Petrol Pump , SRI GURUDEV FILLING STATION","AT - MENDHASALPS - CHANDAKA","20.263381","85.69189899999999","true"
"ChIJ9yVUyEsBGToRCLjld9QXfyE","IndianOil","Ground Floor, Chandaka","20.2482307","85.6821092","true"
"ChIJHcUnyWYJGToRUzECWL_aPhY","IndianOil","Ground Floor, Ghatikia, Bhubaneswar","20.2815723","85.8032441","true"
"ChIJ6fCv_i6nGToRMczpxBAEFpU","SHREE DEBI FILLING STATION (Bharat Petroleum)","opp. Kedar Gouri Temple, 3915, Lewis Road, Kedar Gouri Vihar, BJB Nagar, Bhubaneswar","20.2427404","85.84116689999999","true"
"ChIJexVrZ6ygGToRPtkPPShc8Zk","Indian Oil","Lock No, 13005/2, Cuttack Road, Bhubaneswar","20.2625023","85.8447705","true"
"ChIJiaDILDanGToRIZSDjVLuFik","Bharat Petroleum, Petrol Pump -Joy Auto Centre","KALPANA SQUARE BHUBANESW, KHORDHA","20.2574251","85.8410947","true"
"ChIJH-DBn0anGToRwrNzwE-iK6I","Bharat Petroleum - Rajdhani Service Station","4, Raj Path, Unit-2, Ashok Nagar, Bhubaneswar","20.2636743","85.8345859","true"
"ChIJQzaM6EOnGToR2dZTyI793Ac","IndianOil","No IG193, Lock, 2, Unit 1, Bapuji Nagar, Bhubaneswar","20.264434","85.832234","true"
"ChIJU1AbF1qhGToRwQLwXAkEGYY","Bharat Petroleum","Bhara Chhak, Khordha, NH-203, Jagannath Sadak, Pubasasan, Pipili","20.193877","85.859937","true"
"ChIJd6UVMFSnGToR61x5lvoBqnc","Hindustan Petroleum Corporation Limited","5, Janpath, Bhubaneswar","20.2766209","85.8437233","true"
"ChIJyUMXZKygGToR12uZgqJsBUg","IndianOil","Plot No 4, Bomikhal, Bhubaneswar","20.27510599999999","85.851731","true"
"ChIJ8xytemahGToRVP_mwWn5wqI","Bhubaneswar Gas INDANE","5VWF+QCP, Trahi Achyuta Nagar Road, Balakati","20.1969729","85.873577",""
"ChIJgxb0aN4JGToR9eqoDynWyUs","IndianOil","Lock No IG3784, Jayadev Vihar, Bhubaneswar","20.2860267","85.8264524","true"
"ChIJ4V9Rp_AJGToRW0j0BRZSbYY","IndianOil","Unit No 9, near IDBI Bank, Bhoinagar, Bhubaneswar","20.28529","85.84318429999999","true"
"ChIJY6NTFtEJGToRgBXeV_7N5oA","Bharat Petroleum: Krishna Filling Station","in front of ISKON Temple, 1060, NH 5, Nayapalli, Bhubaneswar","20.2885914","85.81452449999999","true"
"ChIJ494T8PAJGToRqPn0JXPakzM","Bharat Petroleum Vanivihar Service Station","JANPATH, Bhubaneswar","20.2958395","85.8415953","true"
"ChIJQ34r0COnGToRneXFRW1-GS0","MAA TARINI GAS POINT","India","20.2405792","85.8311951",""
"ChIJscGrENGmGToRpIaAVhz5PcY","OMM POWER AGENCY","India","20.2263376","85.8415998",""
"ChIJYwBADNKmGToRs52BST_Ei9M","IndianOil","Ground Floor, Nuagaon Chowk, Lingipur, Bhubaneswar","20.222869","85.84452499999999","true"
"ChIJgx9qiTOhGToRU3CGAnjwfHs","IndianOil","Ground Floor, Sisupalgarh, Bhubaneswar","20.216859","85.85206099999999","true"
"ChIJkwzGBDGnGToRCsU6B1DrHZI","IndianOil","Ground Floor, Lewis Road, BJB Nagar, Bhubaneswar","20.249672","85.841309","true"
"ChIJT0FvlAqnGToRw8wCWWMSWVA","BharatKoosh","A/2, Bapuji Nagar, Bhubaneswar","20.2584079","85.83328709999999","false"
"ChIJa8l3gISnGToR8TGywPF7dq4","IndianOil","Rab Bhawan Square, Ganga Nagar, Khorda","20.269426","85.820709","true"
"ChIJC_aUcAChGToR9uVJwCIzmOM","MAA TARINI FILLING STATION,(BPCL)","6VR9+M65, near Sai TAMPLE, Tankapani Road, Laxmi Vihar, Baragarh, Bhubaneswar","20.2416265","85.8680986",""
"ChIJAfbnRF2nGToRFPtgdtl8BQg","IndianOil","Ground Floor, Keshari Nagar, Bhubaneswar","20.2700806","85.8287228","true"
"ChIJIYq6GK-gGToRiSIztuhS13U","Sai Priyadarsani HP Gas Office","784, East Canal Road, Santoshi Vihar, Laxmisagar, Bhubaneswar","20.2675519","85.8597355","true"
"ChIJNz4a9o-nGToRpHDSwEzqFZ0","Bharat Petroleum (Anjana Filling Station)","AT - KANTILOPS, AIRFIELD","20.277576","85.843749","true"
"ChIJk8Nuk0KhGToR4VTi03pYKYU","Nayara Petrol Pump - Maa Bhagabati Filling Station","6V3J+62J, Plot No - 4597 Khata No-1616/225 Pratap Sasan Balianta, Banamalipur Road, Balakati","20.2032856","85.87946079999999","true"
"ChIJCdgo0SWjGToReanIjhD9NVo","Hindustan Petroleum Corporation Limited","Ground Floor, Jagannath Sadak, Cuttack - Puri Bypass Road, Kausalyapur","20.1786358","85.85795510000001","true"
"ChIJ67hhJPujGToRDtuLzNSyWds","Rajarani Petrol Pump","5VH5+C5W, Jagannath Sadak, Kausalyapur","20.1786158","85.85796649999999",""
"ChIJy1V0xWQJGToRDyUi6OPfLdA","Mohan Pvt Ltd","Bhagabt Billa, 1486, CRP - DAV Road, BRIT Colony, Bhubaneswar","20.2838232","85.8126221",""
"ChIJA0kIGQAJGToRan_ksgM7Ako","Indian oil","7RPG+CG6, Kalinga Market, Nuasahi, Nayapalli, Bhubaneswar","20.2860391","85.8262719",""
"ChIJO0ev7OuhGToR_VwLPyQ5-Co","Tea Bettal Shop","opp. to M.J. Plaza, Cuttack Road, Bomikhal, Jharapada, Bhubaneswar","20.2803786","85.8544814",""
"ChIJl90ti9QJGToRumaHKKEm2Rg","IndianOil","National Highway 16, Nayapalli, Bhubaneswar","20.285879","85.810059","true"
"ChIJg31YZ9EJGToRbI845AfPnGE","IndianOil","Unit No 16, Jaydev Vihar, Plot No 1496/3702, Bhubaneswar","20.2883681","85.8129798","true"
"ChIJ01IbZgChGToRNXEdLLZbnjI","Jio bp Petrol Pump","Balakati","20.2009776","85.88756049999999","true"
"ChIJQTVmFFegGToRwSUH71GknWo","IndianOil","Ground Floor Balianta, Balakati","20.245326","85.89406749999999","true"
"ChIJQ3T08r0LGToRH3knph8IwEI","GAS POINT","2972, near Shibani Enclave, Dayanandnagar, West Canal Road, Bomikhal, Jharapada, Bhubaneswar","20.28559719999999","85.86117019999999",""
"ChIJ023oUACjGToRcABHpsSkk8o","Nayara Energy -Lakshmi Narayan Filling Station","5R6X+8QF, Matiapada, Pipili","20.1608007","85.8494248","true"
"ChIJSQYvCPoJGToRip0ywbCiDNk","IndianOil","Ground Floor, Saheed Nagar, Bhubaneswar","20.2935785","85.84267559999999","true"
"ChIJV8OSDwAJGToROmY84L9hbYE","Ambresh karad","7RWF+9RX, Bhubaneswar","20.2959847","85.8246101",""
"ChIJT-iRl3egGToRerVssFZ01Lc","Bharat Petroleum, Petrol Pump -Ray Fuel Point","Balianta, KHORDHA","20.2811965","85.90062569999999","true"
"ChIJL-N8fwChGToRtWTFApvXzsk","Nayara Energy- KN Sahoo Filling Station","6WV3+WFM, Gotalagram","20.2448408","85.9036751",""
"ChIJXbq1RIShGToRBfX7dAlcwMk","Bharat petrol pump, Andhoti","6WW9+25, Deandhoti","20.2449738","85.91802419999999",""
"ChIJbyXIJIafGToR8VMd_jC8j7E","Hindustan Petroleum Corporation Limited","Ground Floor, near Brahmanasarangi, Balianta, Bentapur","20.2476861","85.9338502","true"
"ChIJCb5JDDmfGToRNgX_hKusA0c","IndianOil","Ground Floor, near Primary school, Balabhadrapur","20.2307873","85.9437564","true"
"ChIJYbVQIE6fGToRQCI1QiA5OMs","Fiiling Station","5WWR+H8V, Biswanathpur","20.1964999","85.9407992",""
"ChIJi-63I06fGToRlyjjluR1lAw","Indian Oil","5WWR+JCG, Banamalipur Road, Anjira","20.1965727","85.9410771",""
"ChIJt1Vv90YLGToR3bNmvQJIORw","Lic Premium Point","Plot No. 1069, East Canal Road, Bomikhal, Rasulgarh, Bhubaneswar","20.2895319","85.861526",""
"ChIJ5_fg8F8HGToRYRaOQ0NajAI","GANESWARFILLING STATION","Malipada","20.3005595","85.75897429999999",""
"ChIJbVj1oVUHGToRfHlIpbWJ2Pw","IndianOil","Ground Floor Ghangapatana, Chandaka, Angarpada","20.304131","85.716044","true"
"ChIJU_B-IHIHGToRSAvXoaaDC7M","Annapurna Green Fillings Station -NAYARA ENERGY","Khurdha - Chandaka Rd, Giringaput, Jatni","20.297594","85.71212039999999","true"
"ChIJlTRviwQJGToRAlGFaryj_S0","Prabhujee Filling Station","353/64-65, Jayadev Vihar-Ekamra Kanana Road, Jayadev Vihar, Bhubaneswar","20.29836389999999","85.8121053","true"
"ChIJu-dwBswJGToRIAZQxINcGoY","Bharat Petroleum","India","20.2985222","85.8122541",""
"ChIJUX38ppEHGToRzn5FAosrE58","HP Petrol Pump","9Q65+M36, Chandaka","20.36167319999999","85.7576466","true"
"ChIJVZwHTQAJGToRKU6IoEsIn8Y","Pahal","7RWF+9RX, Bhubaneswar","20.2959847","85.8246101",""
"ChIJOUYY7acIGToR7TWexmO_JNU","IndianOil","Ground Floor, B G, P Pur, Chandaka","20.3616336","85.76740769999999","true"
"ChIJu0agJVIJGToRW0gCKcwjues","Suraj Biswal","near Saileshree, Hig-153, Sailashree Vihar, Bhubaneswar","20.3375471","85.8113363",""
"ChIJmRFhwf8IGToRV0sh9Vq1Xco","Essar Premium","11, Chandrasekharpur, Bhubaneswar","20.339993","85.81009999999999",""
"ChIJoWd9rKcJGToRCnZ25exwo0w","Bharat Petroleum CNG Gas station","8RGC+93W, District Center, Chandrasekharpur, Bhubaneswar","20.3259939","85.8201922","true"
"ChIJOZnczukJGToRf6_2HqnR_ig","Local Petrol Vendor Petrol Pump","Сервис көчөсү, Acharya Vihar, Bhubaneswar","20.2968084","85.8290444","true"
"ChIJbfQcYRAKGToRA-bN67qZpd8","IndianOil","Lock No 21018 Mancheswar, Rasulgarh, Bhubaneswar","20.296764","85.85999199999999","true"
"ChIJq3UJQxQJGToRw0qfxB4HGmM","Hindustan Petroleum Corporation Limited","Ground Floor Chandrasekharpur, Patia, Bhubaneswar","20.3484672","85.82479699999999","true"
"ChIJZwoLhj8JGToR1Or_RtIl_NA","Hindustan Petroleum Corporation Limited","Ground Floor, Patia","20.355061","85.82784099999999","true"
"ChIJLfqW6EcJGToR6YKUPm0SWB8","IndianOil","Kalarahang, Kiitps, Chandrasekharpur, Bhubaneswar","20.3639045","85.829107","true"
"ChIJeT-zIO8JGToR_eMHvqKsB2U","KAR Gas","7RWM+GM5, National Highway 16, Bhoi Nagar, Bhubaneswar","20.2962513","85.834246",""
"ChIJW_i8ep0JGToRKCYUP9okaJg","Sankar Bahadur","7RWR+24P, Road, Vani Vihar, Bhubaneswar","20.2950842","85.8403434",""
"ChIJn7sXbcsJGToRkp80lWPjdw4","Exal Life Style Pvt Ltd","8R3Q+HVM, Utkal Univarsity, Vani Vihar, Bhubaneswar","20.3039745","85.8396655",""
"ChIJsc_pUx8LGToRyas2S75kB4w","Maa Magala Aquarium Shops","Maa Mangla aquarium Shops, Dalanai bazer Dalanai Bazer, Puri","20.2978687","85.8522028",""
"ChIJZTMkeSQKGToRROJL8a-Dtyg","Laxmi Gas Filling","India","20.3120046","85.85593039999999",""
"ChIJCfBxVjgLGToR3gueH3B62tE","Bharat Petroleum, Petrol Pump -S K Rahaman & S F Rahaman","BHUBANESWAR","20.29790269999999","85.86033189999999","true"
"ChIJt1ci3xAKGToRWNMU9cCL3Pk","ଜଗା ବଳିଆ ଚା ପାନ ଦୋକାନ","7VX6+GGM, Cuttack Road, Sector A, Mancheswar Industrial Estate, Bhubaneswar","20.2988271","85.8612878",""
"ChIJJ4kDYj4KGToRlc1SUL12BDM","Shanaya Gas","8V57+HXV, Murali Marg, Satya Vihar, Rasulgarh, Bhubaneswar","20.3089989","85.8649172",""
"ChIJESjLIrAJGToRApu9MeStnIw","IndianOil","Lock No 22009, No A/1, 10/2 Khordha, Nandankanan Road, Bhubaneswar","20.3376308","85.8217676","true"
"ChIJfQ9b9Q4JGToRQjZ0bQiLbO0","GAIL COCO Chandrashekharpur Filling Station","8RQC+3MP, Kanan Vihar, Chandrasekharpur, Bhubaneswar","20.3377002","85.8216923","true"
"ChIJg0dsVwoJGToRXOTUS6N1808","Subrat Petrolium Pvt Ltd","Subrat Petrolium Pvt Ltd, Koel Campus, Bhubaneswar","20.3461925","85.8235431",""
"ChIJG8188tcKGToRk2te2P44sQk","IndianOil","Ground Floor, Panchabati Bazar Jagannathpur, Jayarsasan, Balianta, Bhubaneswar","20.329908","85.921021","true"
"ChIJI_kJaRILGToRc5bx_H18Nno","Hindustan Petroleum Corporation Limited","Ground Floor, Nakhara, Phulnakhara","20.3503951","85.9008729","true"
"ChIJnwsCaqwLGToRySxlp6RXvbs","Hindustan Petroleum Corporation Limited","Ground Floor, NH 5, Pahala","20.3343071","85.8832733","true"
"ChIJBWVRXQALGToRLlavcz0ufME","Maa narayani gas store","8VVP+CVJ, Pahala","20.343587","85.8871396","false"
"ChIJHwdAzqYLGToRoYn8HYa9rrM","Hindustan Petroleum Corporation Limited","Ground Floor, Phulnakhara","20.3475301","85.88659","true"
"ChIJvVqPfAALGToRWfSdqC9cGag","Biswaswar fuling station","9V3Q+PVC, Bhubaneswar","20.3543071","85.88964879999999",""
"ChIJPR9FVXULGToRwGWROvwc1qE","IndianOil","Ground Floor, Infront of Harley Davidson Showroom, National Highway 16, Balianta, Pahala","20.354823","85.889411","true"
"ChIJ1UNAAYELGToR1l9jtvIP3w4","Fule Pump","9V6Q+RR4, Nakhara 25, Cuttack","20.3620186","85.889568",""
"ChIJMVhAreafGToRQy93ejfnhn4","SUNDER FILLING STATION","Niali, Madab Road, Sundargram","20.2754459","85.9620949","true"
"ChIJcTsVXqefGToRDVidVQCEvPM","IndianOil","Plot No 946/1699, Sundargarm, Kantapada","20.275132","85.9632165","true"
"ChIJe5ZxfYifGToRtQAafeIekT4","MUDULI Communication","Sundargram","20.2736993","85.964349",""
"ChIJ76GhnoF1GToRiazCDDDfYKM","purnaprativa filling station","AT, PO, SADAR, Harianta","20.3180725","85.9669842",""
"ChIJgd5QDhkJGToRwvKekmRCUwk","HP GAS REFILLING CENTRE","8RX7+CW4, Chandaka Industrial Estate, K I I T University, Patia, Bhubaneswar","20.3485005","85.8148386",""
"ChIJK5v4JQAFGToRC72p2I9My3A","Sai Suprava filling Station","CQG7+57, Chakradharpur","20.4254375","85.7631875",""
"ChIJyYl-bX4FGToR9oLRvUSWHhc","Sri Sai Csk","CPCH+G5P, Bhagipur","20.4213444","85.72796149999999",""
"ChIJcX8b19IFGToRqCGmo0qKF-w","IndianOil","Ground Floor Bhagipur, Banki, Dampada, Banara","20.421795","85.727784","true"
"ChIJUUG9MAAPGToRxdI9nOrWFmw","Indian Oil Shrishti Sai Filling Center","CQM9+4HR, Chakradharpur","20.4328715","85.7688907",""
"ChIJRx7Nm_QPGToRfEEYrZVG9Wk","Hindustan Petroleum Corporation Limited","Ground Floor, Infront of Andhra Bank, Nandankanan Road, Raghunathpur, Bhubaneswar","20.3905483","85.8243533","true"
"ChIJDUEqgxgPGToRCivdISPCp28","Hindustan Petroleum Corporation Limited","MDR No 77, Banki - Cuttack Road, Chakradharpur","20.4347913","85.76981980000001","true"
"ChIJwYMKUwAPGToRpXd1sUF6Tj4","Indian oil petrol pump","CQPC+8FG, Banki - Cuttack Road, Chakradharpur","20.4352127","85.77045509999999",""
"ChIJFeq96EcJGToRWQaOgP0uHDI","Hindustan Petroleum Corporation Limited","Ground Floor, Nandankanan Road, Raghunathpur, Cuttack","20.3768749","85.82956659999999","true"
"ChIJ0abvIwAFGToRaSOzJxr_PrE","Bhagipur sabar sahi banki road Cuttack","CPCJ+M3, Bhagipur","20.421632","85.730135",""
"ChIJLxJyYFsMGToRAQQrRoaHFag","Petrol CNG Twin City Filling Station","NH-16, Bhanapur Road","20.4076265","85.8805699","true"
"ChIJpRKhd4ILGToRyb_ErbFkYAg","Jio-bp","VILLAGE NUAHAT, PS CUTTACK SADAR, Rudrapur","20.3700202","85.8895198","true"
"ChIJD4yrWhILGToRXo_zcAymL8Q","nayara petrol pump","9VGQ+CMJ, Phulnakhara","20.3760798","85.8891289",""
"ChIJ75COR3wLGToRzrwxCjvSt3M","Nayara Petrol pump- Sakambari FS","AH45","20.3762508","85.8894478","true"
"ChIJ0VhI2f8LGToRTzOCNvpE1Ys","Jio-bp pulse","near Grand Bazar, Plot No 953, Nuahata, Bamphakuda","20.3770148","85.8893793","true"
"ChIJy_BueTgPGToRcjP9vDTIbcM","Suman filling station","CRMJ+2H2, Trisulia","20.4325118","85.8313809",""
"ChIJP5eKEWUOGToRT_QeaO3Rm20","IndianOil","Lock No 13010 Madhupur, Belgachia, Chauliaganj Near, Trisulia","20.4344002","85.8367449","true"
"ChIJU5LrVE0MGToROemF3FuXv_U","IndianOil","National Highway 16, Urali","20.4251983","85.87913739999999","true"
"ChIJNb8OEKoNGToRHKW5VYr47PU","IndianOil","Ground Floor, Bajrakabari Road, Srikoruan, Urali","20.43119","85.8902367","true"
"ChIJSyPjCgANGToR9cWO5fDiKZA","Baibhaba Filling Station","CV2V+39, Urali","20.4009384","85.8918727","true"
"ChIJ9RJm6Ux1GToRISbIs3SjkEA","SANKHATRAS PETROL PUMP","9WGR+32C, Canal Road, Sankhatras","20.3751968","85.94001399999999","true"
"ChIJPYuwnjZ1GToRqN0gNCiGgDo","IndianOil","Ground Floor, Sankhatras, Arada, Bhanpur","20.371708","85.944328","true"
"ChIJ59qLDFIMGToR7Qf3DH-UZac","IndianOil","Ground Floor NH 5, Paikasahi Gopalpur, Chhatra Bazar, Cuttack","20.420805","85.879494","true"
"ChIJy3AvTiUNGToRbZOpO73YMfc","IndianOil","No 42, Berhampur, Bentakar, Cuttack","20.41990329999999","85.9185583","true"
"ChIJeepyMQANGToRSv9tB8dsHhc","Cuttack","Balikuda traffic chhak, Commercial Street, near Indian oil petrol pump site, National Highway 16, Gopalpur","20.4253283","85.8791617",""
"ChIJm5RQD1FzGToRxuv6PXmTrCI","Bharat Petroleum, Petrol Pump -Shri Narayan Filling Station","JARASINGHA, ANGUL","20.3992319","85.953665","true"
"ChIJEbmLEa8NGToR-6SuOv0nvBo","IndianOil","1038/1080, National Highway 16, Urali","20.43546749999999","85.88242149999999","true"