{
  "city": "Chaibasa",
  "state": "Jharkhand",
  "count": 31,
  "center": {
    "lat": 23.6833,
    "lng": 85.7167
  },
  "pumps": [
    {
      "place_id": "ChIJHd4_it1Y9DkRvjQzHtPaF2s",
      "name": "IndianOil",
      "address": "near CMPF, Ground Floor Nh 23, Peterbar Road, Ramgarh, Chotkipona, near CMPF, Dhanbad",
      "lat": 23.583323,
      "lng": 85.63688189999999,
      "open_now": true
    },
    {
      "place_id": "ChIJ1fp1c21Z9DkR-hM_ejAKSRg",
      "name": "NATIONAL AUTO CENTRE - BHARAT PETROLEUM PETROL PUMP",
      "address": "HMF8+CWC, Chitarpur Main Road, Rajrappa",
      "lat": 23.5734977,
      "lng": 85.6658939,
      "open_now": true
    },
    {
      "place_id": "ChIJ5ef7cjNZ9DkR50DP5L3bakc",
      "name": "Pankaj",
      "address": "Lari Lari, Biklang More, Ramgarh Cantonment",
      "lat": 23.5904726,
      "lng": 85.6183303,
      "open_now": null
    },
    {
      "place_id": "ChIJ2xuVZo5Z9DkRMRCl6FW0TFs",
      "name": "Food Marchent",
      "address": "Chitarpur Kali Chowk, Chitarpur",
      "lat": 23.5754432,
      "lng": 85.65918030000002,
      "open_now": null
    },
    {
      "place_id": "ChIJVww5eZRf9DkRPZ2gIYavZZw",
      "name": "Neelam Kisan Seva Kendra (Indian oil)",
      "address": "Honhe - Kander Road, Kander",
      "lat": 23.6635058,
      "lng": 85.6295039,
      "open_now": true
    },
    {
      "place_id": "ChIJtXmABi1a9DkRjr2z3lZU1kI",
      "name": "Fuel Pump Chitarpur",
      "address": "HM5V+83R, Gola Main Road, Marang Marcha",
      "lat": 23.5583594,
      "lng": 85.69263550000001,
      "open_now": true
    },
    {
      "place_id": "ChIJ0WdTVBpZ9DkRQhlVXUH2If8",
      "name": "Hindustan Petroleum Corporation Limited",
      "address": "Ground Floor, NH 23, near Chitarpur, Marang Marcha",
      "lat": 23.5582601,
      "lng": 85.69266569999999,
      "open_now": true
    },
    {
      "place_id": "ChIJ-ROSANVb9DkRsDDVUL3VzU0",
      "name": "Hindustan Petroleum Corporation Limited",
      "address": "Khata No 50, Plot No 318, Heramdaga Road, Gola",
      "lat": 23.5622223,
      "lng": 85.73521799999999,
      "open_now": true
    },
    {
      "place_id": "ChIJZ81d3z9b9DkRGOJzPOX-Lpc",
      "name": "Danish kumar",
      "address": "Nayara petrol pump, Hematpur",
      "lat": 23.5456721,
      "lng": 85.7419214,
      "open_now": null
    },
    {
      "place_id": "ChIJBw8M-0lb9DkRbW0TXaNXLug",
      "name": "Reliance Petroleum",
      "address": "Plot No 780 & 782 Nh 23, Hematpur, Gola, Hazaribagh",
      "lat": 23.544668,
      "lng": 85.739989,
      "open_now": true
    },
    {
      "place_id": "ChIJ6cvmkvRD9DkRCvX_nuMNETY",
      "name": "Hindustan Petroleum Corporation Limited",
      "address": "Bokaro, Ground Floor NH 23, Lepo, Peterwar",
      "lat": 23.6154816,
      "lng": 85.8236316,
      "open_now": true
    },
    {
      "place_id": "ChIJAfVtZKlF9DkRIRq_KZxOuks",
      "name": "IndianOil",
      "address": "KHATA 29, NH23, PLOT 231, Chopadaru",
      "lat": 23.5841195,
      "lng": 85.80336489999999,
      "open_now": true
    },
    {
      "place_id": "ChIJM-XlHv9D9DkRFisOokZ_jgw",
      "name": "IndianOil",
      "address": "Ground Floor, Peterbar",
      "lat": 23.6153461,
      "lng": 85.8451104,
      "open_now": true
    },
    {
      "place_id": "ChIJmaGEguRD9DkR7EQO0yvhr7A",
      "name": "Hindustan Petroleum Corporation Limited",
      "address": "Ground Floor, Tebu Road, Peterbar",
      "lat": 23.6268879,
      "lng": 85.84333409999999,
      "open_now": true
    },
    {
      "place_id": "ChIJuZ6LtWlF9DkRlnA3vGo5Q-E",
      "name": "Umar Raza",
      "address": "Uper Mohallah, Betul Kalan",
      "lat": 23.5458249,
      "lng": 85.7953326,
      "open_now": null
    },
    {
      "place_id": "ChIJT56VeWJf9DkRCk-gzkB8Zf4",
      "name": "Surendra Kisan Seva Kendra",
      "address": "near panchayat sachiwalaya, Mahuatand",
      "lat": 23.6965747,
      "lng": 85.66869299999999,
      "open_now": true
    },
    {
      "place_id": "ChIJaTJY5cRd9DkRNb7kUabCfs0",
      "name": "Adarsh fuel center barki punnu",
      "address": "road, Barki Punu",
      "lat": 23.688574,
      "lng": 85.7094731,
      "open_now": true
    },
    {
      "place_id": "ChIJK3A6339h9DkRuxFimzfcC2I",
      "name": "Vivek Shop",
      "address": "Basti PCC Road, Badgaon",
      "lat": 23.7304092,
      "lng": 85.6068938,
      "open_now": null
    },
    {
      "place_id": "ChIJA-TmS56L9DkREVD0m3yUu4k",
      "name": "IndianOil",
      "address": "Ground Floor Barbanda, Chainpur",
      "lat": 23.727252,
      "lng": 85.592801,
      "open_now": true
    },
    {
      "place_id": "ChIJm3EULU5n9DkRhnvhQA3CUCM",
      "name": "Ashish Kumar",
      "address": "B26, Ambedkar Chawk, Lalpania",
      "lat": 23.7459551,
      "lng": 85.74621259999999,
      "open_now": null
    },
    {
      "place_id": "ChIJ5xhwKp5p9DkR88p_JhON_KM",
      "name": "IndianOil",
      "address": "PR7V+CX, Ulgara",
      "lat": 23.7137965,
      "lng": 85.8448823,
      "open_now": true
    },
    {
      "place_id": "ChIJy53rN9Jn9DkR5zZYmmgnr6g",
      "name": "Hindustan Petroleum Corporation Limited",
      "address": "Ground Floor, near Lalpunia, Tenughat, Kodwatanralias Bhitugarha",
      "lat": 23.748388,
      "lng": 85.75844599999999,
      "open_now": true
    },
    {
      "place_id": "ChIJw5XibU9n9DkRRlErdlNeRGc",
      "name": "Sasmita Swain",
      "address": "0 Point, Lalpania",
      "lat": 23.7515524,
      "lng": 85.75432699999999,
      "open_now": null
    },
    {
      "place_id": "ChIJR03bDdVp9DkRG6oSZBoGuY0",
      "name": "Laxmi Indian Oil",
      "address": "632, Lalpania Road, Lalpania",
      "lat": 23.7804513,
      "lng": 85.76938460000001,
      "open_now": null
    },
    {
      "place_id": "ChIJkY7tm61p9DkRgJAw-ggYxW0",
      "name": "Aaksh Pumps And Oil",
      "address": "near Khelachandi Temple, Lalpania Road, Hosir",
      "lat": 23.7686677,
      "lng": 85.78572489999999,
      "open_now": null
    },
    {
      "place_id": "ChIJ5fBMt6tp9DkRkTBXQO5Lo7g",
      "name": "Chandan Fuel Centre",
      "address": "Near Lalpania Rd Dhendhe, Lalpania Road, Birsa",
      "lat": 23.78335049999999,
      "lng": 85.7815043,
      "open_now": true
    },
    {
      "place_id": "ChIJ_9t5FMZu9DkRSUIP6QWkb0Y",
      "name": "Petrol Pump,VINAY YADUVANSHI",
      "address": "RR8F+4HH, IEL Colony, Gumia",
      "lat": 23.8153095,
      "lng": 85.823999,
      "open_now": true
    },
    {
      "place_id": "ChIJV5U5jhdp9DkRPv9hRyBgUCo",
      "name": "IndianOil",
      "address": "Ground Floor, Tenughat, Saram",
      "lat": 23.775846,
      "lng": 85.81911,
      "open_now": true
    },
    {
      "place_id": "ChIJc1isCQBp9DkRy2Gqj3ibass",
      "name": "S K HP FUELS Gomia",
      "address": "Gumia",
      "lat": 23.8009725,
      "lng": 85.8249888,
      "open_now": true
    },
    {
      "place_id": "ChIJU3CQduRr9DkRP0rP5hcvOfw",
      "name": "Hazarimore Pump",
      "address": "QVP4+CCF, Gumia",
      "lat": 23.7860721,
      "lng": 85.8560485,
      "open_now": true
    },
    {
      "place_id": "ChIJ5bX4MuRr9DkRaBN1Xga6CcQ",
      "name": "Bharat Petroleum",
      "address": "India",
      "lat": 23.7861303,
      "lng": 85.85614559999999,
      "open_now": null
    }
  ]
}