{
  "city": "Jharia",
  "state": "Jharkhand",
  "count": 132,
  "center": {
    "lat": 23.7667,
    "lng": 86.1667
  },
  "pumps": [
    {
      "place_id": "ChIJ9ep8MOI89DkREkvQAL04X9Y",
      "name": "IndianOil",
      "address": "Railway Colony, Bokaro Steel City",
      "lat": 23.6637767,
      "lng": 86.0675342,
      "open_now": true
    },
    {
      "place_id": "ChIJxY0OmeI89DkRbS_-1sWcO9o",
      "name": "IndianOil",
      "address": "Ground Floor, Balidih, Bokaro Steel City",
      "lat": 23.6653764,
      "lng": 86.0646484,
      "open_now": true
    },
    {
      "place_id": "ChIJvU6PIggj9DkR4KAPFKX0HZk",
      "name": "IndianOil",
      "address": "Ground Floor, Naya More, Bokaro Steel City",
      "lat": 23.65424699999999,
      "lng": 86.133814,
      "open_now": true
    },
    {
      "place_id": "ChIJP9AH4LQ99DkRI2MgpRrKmzE",
      "name": "Essar Petrol Pump",
      "address": "National Highway 23, Jena, Tanrmohanpur",
      "lat": 23.6666603,
      "lng": 86.0351506,
      "open_now": null
    },
    {
      "place_id": "ChIJa8tjX6Mj9DkRgw_Cz1LIBZ8",
      "name": "Bharat Petroleum: BP Bokaro",
      "address": "near RJD CHOWK, Sector 2/D, near RJD CHOWK, Bokaro Steel City",
      "lat": 23.64917,
      "lng": 86.1433308,
      "open_now": null
    },
    {
      "place_id": "ChIJaQBbEfgY9DkRK8pcLDnTsGg",
      "name": "IndianOil",
      "address": "Pipradih - Chandrapura Road, Ratari",
      "lat": 23.7519387,
      "lng": 86.135374,
      "open_now": true
    },
    {
      "place_id": "ChIJ77Ap0cwj9DkRjvd0fGsBia0",
      "name": "Hindustan Petroleum Corporation Limited",
      "address": "Ground Floor, Sector 5, Bokaro Steel City",
      "lat": 23.667584,
      "lng": 86.161991,
      "open_now": true
    },
    {
      "place_id": "ChIJs-qo5kMW9DkRtDVjHMhEsrk",
      "name": "HP PETROL PUMP - KAILASH MISHRA FUELS",
      "address": "HP Retail Outlet AT & PO Tantri PS- Jaridih, ON Tantri Tupkadih Road, Ranchi",
      "lat": 23.742843,
      "lng": 86.036692,
      "open_now": true
    },
    {
      "place_id": "ChIJUWXrMwA99DkRykP-SyfvKEk",
      "name": "Baba enterprises hp fules",
      "address": "A-43/134, Housing Colony, Balidih, Bokaro Steel City",
      "lat": 23.6726837,
      "lng": 86.06756,
      "open_now": null
    },
    {
      "place_id": "ChIJ1RTzdgA99DkRUj6x54XYXtQ",
      "name": "UREA PUMP",
      "address": "M3M5+C6F, Balidih, Bokaro Steel City",
      "lat": 23.6835707,
      "lng": 86.0580585,
      "open_now": true
    },
    {
      "place_id": "ChIJXW0p62A99DkRbgBeMcwCrFA",
      "name": "SHAMBHAVI FUELS (B.I.A.D.A)",
      "address": "M3Q3+XRH, near Dalmia cement factory, Biada Street, Balidih, Bokaro Steel City",
      "lat": 23.689932,
      "lng": 86.0545966,
      "open_now": true
    },
    {
      "place_id": "ChIJN6IjjFsi9DkRBdtKBoFCxis",
      "name": "IndianOil",
      "address": "Ground Floor, Baidmara, Bokaro Steel City",
      "lat": 23.68515600000001,
      "lng": 86.140954,
      "open_now": true
    },
    {
      "place_id": "ChIJO_9ucpEZ9DkRJyYTWPoFAgA",
      "name": "Tupkadih Marg",
      "address": "P4CV+JQV, Bokaro Steel City",
      "lat": 23.721624,
      "lng": 86.1444137,
      "open_now": null
    },
    {
      "place_id": "ChIJ46L7hWI99DkRoeYVCE1FLW4",
      "name": "IndianOil",
      "address": "Ground Floor, Tupkadih, Jaridih, Lakrakhanda, Khutri",
      "lat": 23.705413,
      "lng": 86.0423474,
      "open_now": true
    },
    {
      "place_id": "ChIJkfre620Z9DkRVjLieqBe54U",
      "name": "Arti Kumari",
      "address": "Paschimpalli, Paschim Pally, Ghatiari",
      "lat": 23.7467137,
      "lng": 86.10688329999999,
      "open_now": null
    },
    {
      "place_id": "ChIJjT6Z8nwj9DkRfo9JLIE5jJc",
      "name": "Shree Ganeshya",
      "address": "Shree Ganeshya, Street Number 29, Bokaro Steel City",
      "lat": 23.6915748,
      "lng": 86.1528456,
      "open_now": null
    },
    {
      "place_id": "ChIJ9-o_zwQj9DkRrEgBk_0Ql-U",
      "name": "Vicky Kumar",
      "address": "Lakda Khanda, Bokaro Steel City",
      "lat": 23.6498183,
      "lng": 86.1205167,
      "open_now": null
    },
    {
      "place_id": "ChIJX4VhrvgZ9DkRlYEhbUUcz38",
      "name": "Lovely General Store",
      "address": "Chandrapura, Mandir Ghat Basteji, Sector 8, Bokaro Steel City",
      "lat": 23.7247846,
      "lng": 86.14507619999999,
      "open_now": null
    },
    {
      "place_id": "ChIJF3IyejI99DkRGKgTsPZ1H7w",
      "name": "IndianOil",
      "address": "Khata No 76, Amlo, Khutri, Jaridih, Plot No 1050, Khutri",
      "lat": 23.7041526,
      "lng": 86.0394077,
      "open_now": true
    },
    {
      "place_id": "ChIJIZiLYAA99DkRw7hoSRU2auc",
      "name": "UREA DEF REFILLING CENTRE",
      "address": "M29W+H9W, Tanr Balidih",
      "lat": 23.6689937,
      "lng": 86.04596260000001,
      "open_now": null
    },
    {
      "place_id": "ChIJZVxsfWUj9DkRm74Kzk1N2ss",
      "name": "Hindustan Petroleum Corporation Limited",
      "address": "Ground Floor, near Kali Mandir, Kalibari Road, Bokaro Steel City",
      "lat": 23.686584,
      "lng": 86.155281,
      "open_now": true
    },
    {
      "place_id": "ChIJX4WSaUgi9DkRCOGDAf3kIdw",
      "name": "IndianOil",
      "address": "Ground Floor D, Forest Road, Sector 4, Bokaro Steel City",
      "lat": 23.678866,
      "lng": 86.15312999999999,
      "open_now": true
    },
    {
      "place_id": "ChIJcQ6jOwA99DkR3lD3ONyuW7Y",
      "name": "HR FUEL KHUTRI",
      "address": "P23P+37X, Khutri",
      "lat": 23.7028862,
      "lng": 86.0367656,
      "open_now": null
    },
    {
      "place_id": "ChIJ923gLlM99DkRJZuYrPcK-us",
      "name": "IndianOil",
      "address": "Plot No 1306, Khata No 26 Khutri, Jenamore Road, Lakrakhanda, Phusro",
      "lat": 23.7026281,
      "lng": 86.0361672,
      "open_now": true
    },
    {
      "place_id": "ChIJVQqiAJcj9DkRHcVMBoe-fK4",
      "name": "khalid raza",
      "address": "J4R3, Super Market, C-Block, 664, Dumro, Siwandih, Bokaro Steel City",
      "lat": 23.64101209999999,
      "lng": 86.1043234,
      "open_now": null
    },
    {
      "place_id": "ChIJhaHRT1wj9DkRljgVmyy2-yU",
      "name": "IndianOil",
      "address": "Ground Floor, Naya More, Bokaro Steel City",
      "lat": 23.6523937,
      "lng": 86.13619729999999,
      "open_now": true
    },
    {
      "place_id": "ChIJGRH0YEEj9DkRHfBM4EDYW2U",
      "name": "IndianOil",
      "address": "Ground Floor, Nayamore, Bokaro Steel City",
      "lat": 23.64866,
      "lng": 86.13145999999999,
      "open_now": true
    },
    {
      "place_id": "ChIJRWg4bOYX9DkRj7iyWjchzaA",
      "name": "IndianOil",
      "address": "AT & PO, Tantri",
      "lat": 23.736136,
      "lng": 86.049872,
      "open_now": true
    },
    {
      "place_id": "ChIJf-zXLNMj9DkRpADxzL0rRlc",
      "name": "IndianOil",
      "address": "Ground Floor, Sector 4, Bokaro Steel City",
      "lat": 23.665657,
      "lng": 86.150744,
      "open_now": true
    },
    {
      "place_id": "ChIJY_hIVAAZ9DkRsNrNO77vzXw",
      "name": "Hindustan Petroleum Corporation Limited",
      "address": "Khata No 79, near Chandrapura, Plot No 1905, Budhsera, Dugda",
      "lat": 23.744215,
      "lng": 86.137275,
      "open_now": true
    },
    {
      "place_id": "ChIJ_2B6A0oW9DkRxeZhL0xNeyg",
      "name": "Hindustan Petroleum Corporation Limited",
      "address": "Ground Floor, Tupkadih Road, Jaridih, Tantri",
      "lat": 23.7374866,
      "lng": 86.0480566,
      "open_now": true
    },
    {
      "place_id": "ChIJyfwC0WYj9DkRXDkBFg5_QkU",
      "name": "Rahul Oil Store",
      "address": "4st, Ambaram Infra, Bari Co-operative Colony, Lakda Khanda, Jamshedpur",
      "lat": 23.6400142,
      "lng": 86.1199922,
      "open_now": null
    },
    {
      "place_id": "ChIJIzZoKvgj9DkRzXuZIrkhJFI",
      "name": "Chinmastikay Multi Trading Pvt Ltd",
      "address": "near Dhori Kata, Phusro",
      "lat": 23.6465703,
      "lng": 86.1344098,
      "open_now": null
    },
    {
      "place_id": "ChIJD3zdRR4j9DkRWmcyHQcnw4g",
      "name": "Priyanshu Pvt Ltd",
      "address": "House No. 2276, 1st Floor, 8/C, near Rai Chowk Road, Street 42 Sector, Bokaro Steel City",
      "lat": 23.6942625,
      "lng": 86.1640386,
      "open_now": null
    },
    {
      "place_id": "ChIJCzgDs0kW9DkRR9vDFC2NxaM",
      "name": "IndianOil",
      "address": "Khata No 04, Plot No 88, Jarisih, Lakrakhanda, Tantri",
      "lat": 23.7386108,
      "lng": 86.0456322,
      "open_now": true
    },
    {
      "place_id": "ChIJyUrBBYwj9DkRkKDr4uDhAW0",
      "name": "Aditya Anand",
      "address": "Qr No. 1539, Shiv Mandir, Street 49, Sector-8/D, Bokaro Steel City",
      "lat": 23.6930814,
      "lng": 86.1655881,
      "open_now": null
    },
    {
      "place_id": "ChIJK2TVTQM_9DkRheFD9nFekJE",
      "name": "JAINA AUTOMOBILES ( NAYARA PETROL PUMP)",
      "address": "Tand Mohanpur, Jena, Bokaro Steel City",
      "lat": 23.6669041,
      "lng": 86.03529139999999,
      "open_now": true
    },
    {
      "place_id": "ChIJ5bntb4899DkRpCfcygHetWc",
      "name": "Hindustan Petroleum Corporation Limited",
      "address": "Ground Floor, Phusro Road, Jaridih, Jena, Jaina",
      "lat": 23.6797387,
      "lng": 86.0221177,
      "open_now": true
    },
    {
      "place_id": "ChIJP8sRjR8i9DkRk-b8o9U_R4M",
      "name": "IndianOil",
      "address": "Ground Floor, Sector 11, Bokaro Steel City",
      "lat": 23.69312769999999,
      "lng": 86.1737324,
      "open_now": true
    },
    {
      "place_id": "ChIJMR6olmoX9DkRIizDgYZ0F1g",
      "name": "SHREE GANESH FUELS",
      "address": "Main Road ,Turio , Bhandaridah Chandrapura - Pushro, Road, Bokaro Steel City",
      "lat": 23.7551862,
      "lng": 86.0533821,
      "open_now": true
    },
    {
      "place_id": "ChIJnTrOLtoX9DkRd1MB1h9D_eI",
      "name": "IndianOil",
      "address": "Ground Floor Bhandhridah, Chandrapura, Turio",
      "lat": 23.7554847,
      "lng": 86.05341,
      "open_now": true
    },
    {
      "place_id": "ChIJ4y9jERIh9DkRowbl-rzarn4",
      "name": "Maa Tara Fuels (Nayara Petrol Pump)",
      "address": "Chas Dhanbad Main Road Dumarjore, Chas, Bokaro Steel City",
      "lat": 23.6563452,
      "lng": 86.1996721,
      "open_now": true
    },
    {
      "place_id": "ChIJZ4QFhNkY9DkRXaBqcN--bHQ",
      "name": "Hindustan Petroleum Corporation Limited",
      "address": "Ground Floor, Dugda",
      "lat": 23.7580201,
      "lng": 86.1627901,
      "open_now": true
    },
    {
      "place_id": "ChIJ87V0Qk4j9DkRUYtlNFJ3QUU",
      "name": "Govind Kumar Turi",
      "address": "1, Sector 5, Sector 5, Bokaro Steel City",
      "lat": 23.6669057,
      "lng": 86.1694462,
      "open_now": null
    },
    {
      "place_id": "ChIJb6H8KoUh9DkRhXjhgLkjUDw",
      "name": "IndianOil",
      "address": "Ground Floor NH 32, Pupunki,Adrakuri, Near Telmuchoo Bridge",
      "lat": 23.713311,
      "lng": 86.198827,
      "open_now": true
    },
    {
      "place_id": "ChIJByqWTwAh9DkRJEP52DjAhTY",
      "name": "UTKALA AUTOMOBILE",
      "address": "M6P5+XJG, Chas, Bokaro Steel City",
      "lat": 23.6874276,
      "lng": 86.2090656,
      "open_now": null
    },
    {
      "place_id": "ChIJYadbdB4n9DkRLect1mmN0-M",
      "name": "IndianOil",
      "address": "Khata No 95, Plot No 2472, Adrakuri, Kalapathar",
      "lat": 23.6782912,
      "lng": 86.2084477,
      "open_now": true
    },
    {
      "place_id": "ChIJw2wW9dMf9DkRMmTRRQYeaZA",
      "name": "IOCL ASHOKA BUILDCON CONSUMER PUMP TALMUCHU",
      "address": "P6F3+PQF, Talmuchu",
      "lat": 23.724311,
      "lng": 86.204421,
      "open_now": null
    },
    {
      "place_id": "ChIJ3cCmdQ8h9DkRg0TlUqLM8rw",
      "name": "Priti And Geeta Automobile",
      "address": "National Highway 18, Dumarjor",
      "lat": 23.6679094,
      "lng": 86.2036581,
      "open_now": true
    },
    {
      "place_id": "ChIJqVHFnA0h9DkRnaujjHGn7zw",
      "name": "IndianOil",
      "address": "Ground Floor Adrakuri, Chiksia, Dumarjor, Chas",
      "lat": 23.6641284,
      "lng": 86.2042574,
      "open_now": true
    },
    {
      "place_id": "ChIJsRDzIAkh9DkRP_dTjBCkyFA",
      "name": "IndianOil",
      "address": "Ground Floor Adrakuri, Chiksia, Chas, Dumarjor",
      "lat": 23.6641284,
      "lng": 86.2042574,
      "open_now": true
    },
    {
      "place_id": "ChIJryldoYsh9DkRUvBwqnkdia8",
      "name": "Bharat Petroleum Petrol Pump , PRAJAPATI FUELS",
      "address": "India",
      "lat": 23.650958,
      "lng": 86.184806,
      "open_now": true
    },
    {
      "place_id": "ChIJmfHsx2sh9DkRjiNlczFYCuM",
      "name": "IndianOil",
      "address": "Ground Floor Adrakuri, Gandhajore, Chas",
      "lat": 23.649143,
      "lng": 86.191673,
      "open_now": true
    },
    {
      "place_id": "ChIJ7VbPcwAf9DkRLNnzARW0zY4",
      "name": "Green Petroleum, Indian Oil",
      "address": "P6M4+XP4, Telmachho, Dhanbad",
      "lat": 23.734889,
      "lng": 86.2068324,
      "open_now": true
    },
    {
      "place_id": "ChIJn9yoJL4j9DkRUVQ0G9y3qzI",
      "name": "IndianOil",
      "address": "Eastern Avenue, Marafari Colony, Bokaro Steel City",
      "lat": 23.644905,
      "lng": 86.15142,
      "open_now": true
    },
    {
      "place_id": "ChIJU4RAt-gh9DkRT2_o8nvr3zI",
      "name": "SAMRAT ENTERPRISES",
      "address": "near Talgariya More, Chas, Demudi",
      "lat": 23.6514271,
      "lng": 86.1981404,
      "open_now": null
    },
    {
      "place_id": "ChIJTQzuWFsZ9DkRvKnaGQCOq2Q",
      "name": "IndianOil",
      "address": "Plot No 1263 & 1928, Dugda",
      "lat": 23.7518256,
      "lng": 86.1778174,
      "open_now": true
    },
    {
      "place_id": "ChIJg1FEtowj9DkRsNm7_HS6WCU",
      "name": "maa vaishnavi fuel",
      "address": "gujrat colony, St Xavier Colony, Ghous Nagar Colony, Bokaro Steel City",
      "lat": 23.63895699999999,
      "lng": 86.1621679,
      "open_now": null
    },
    {
      "place_id": "ChIJ94lCpygf9DkRY1VxmGalZSM",
      "name": "gas",
      "address": "rohit, Jamdiha",
      "lat": 23.737379,
      "lng": 86.2134672,
      "open_now": false
    },
    {
      "place_id": "ChIJ-f4HJ8Yj9DkRZLbIFHH6vT0",
      "name": "LAXMI AGENCY",
      "address": "Laxmi Market, Bye Pass Road, Gujarati Colony, Bokaro Steel City",
      "lat": 23.6365459,
      "lng": 86.16353079999999,
      "open_now": true
    },
    {
      "place_id": "ChIJ6TZDhVEj9DkRqYs4EIoZQCg",
      "name": "TRIMURTI PALACE",
      "address": "Bye Pass Road, Chas, Bokaro Steel City",
      "lat": 23.6363245,
      "lng": 86.1637035,
      "open_now": true
    },
    {
      "place_id": "ChIJcSYoNaQh9DkRgK1JBow6DUk",
      "name": "Hindustan Petroleum Corporation Limited",
      "address": "Ground Floor, near Chandra Talkies, Main Road, Chas, Bokaro Steel City",
      "lat": 23.6338497,
      "lng": 86.1777098,
      "open_now": true
    },
    {
      "place_id": "ChIJq4e-Mlgh9DkRTOMtLaIgJQg",
      "name": "HP Petrol Pump - Urjashwi Refuels",
      "address": "HP Petrol Pump, near Chandra Talkies, Main Road, Chas, Bokaro Steel City",
      "lat": 23.6338707,
      "lng": 86.1783531,
      "open_now": true
    },
    {
      "place_id": "ChIJBy9cuuUd9DkR2ytQ7lFctV0",
      "name": "IndianOil",
      "address": "Ground floor, Karmatand",
      "lat": 23.7609941,
      "lng": 86.1604088,
      "open_now": true
    },
    {
      "place_id": "ChIJ13VgyPUh9DkRZ752TPbv77s",
      "name": "Bharat Petroleum (M/S New Bharat Enterprises)",
      "address": "M64C+9RQ, Village- Bodro P.O- Alkusha, P.S.- Chas(M, Bokaro Steel City",
      "lat": 23.6559567,
      "lng": 86.2221012,
      "open_now": true
    },
    {
      "place_id": "ChIJKSr_q_4Y9DkRjeONdZGTMxU",
      "name": "IndianOil",
      "address": "Ratari",
      "lat": 23.7573169,
      "lng": 86.13920689999999,
      "open_now": true
    },
    {
      "place_id": "ChIJ-7riW4wh9DkR8p0fzfKlvEE",
      "name": "IndianOil",
      "address": "Ground Floor, Jodhadih More, Adrakuri, Chas",
      "lat": 23.6329907,
      "lng": 86.187544,
      "open_now": true
    },
    {
      "place_id": "ChIJDVVbX6If9DkRn8yRI50Wvfk",
      "name": "IndianOil",
      "address": "Ground Floor, Kannra, Mahudamore,Baghmara Bazar, Baghmara",
      "lat": 23.74295799999999,
      "lng": 86.223236,
      "open_now": true
    },
    {
      "place_id": "ChIJSZnp9aIf9DkRXF7o81BJ1ws",
      "name": "CNG Gail gas Gupta fuels",
      "address": "P6VF+5CF, Mahuda More",
      "lat": 23.7429405,
      "lng": 86.2235432,
      "open_now": true
    },
    {
      "place_id": "ChIJP2NGrQkZ9DkRcHL6PdDhclQ",
      "name": "Hindustan Petroleum Corporation Limited",
      "address": "near Pipradih - Chandrapura Road, Ground Floor Ratari, near Pipradih - Chandrapura Road, Dugda",
      "lat": 23.7614623,
      "lng": 86.1362194,
      "open_now": true
    },
    {
      "place_id": "ChIJ_Vr_GNsh9DkRyvxIMN1E2PA",
      "name": "IndianOil",
      "address": "Khata No 55, Plot No 827, Chas, Bokaro Steel City",
      "lat": 23.6592298,
      "lng": 86.2328283,
      "open_now": true
    },
    {
      "place_id": "ChIJRy1DAUch9DkRuhBKJBRo6F8",
      "name": "Akash",
      "address": "Akash Kumhari, Bokaro Steel City",
      "lat": 23.6976641,
      "lng": 86.24490500000002,
      "open_now": null
    },
    {
      "place_id": "ChIJU33M1HCg9jkRmX2Vr3k-F7M",
      "name": "Bharat Petroleum",
      "address": "Mahuda, Dhambad",
      "lat": 23.7512335,
      "lng": 86.26157889999999,
      "open_now": true
    },
    {
      "place_id": "ChIJ02clczOe9jkRFjam-zcF6qg",
      "name": "IndianOil",
      "address": "Ground Floor, Bandhdih",
      "lat": 23.6683652,
      "lng": 86.2701518,
      "open_now": true
    },
    {
      "place_id": "ChIJp1oa_a6f9jkRw4vJ7qz9TS8",
      "name": "Prabha Fuels",
      "address": "Budhibinor kuwa More, Chas - Talgaria Road",
      "lat": 23.6715511,
      "lng": 86.2920727,
      "open_now": true
    },
    {
      "place_id": "ChIJzaHZ-T8f9DkRjS1Q6GybYyE",
      "name": "Hindustan Petroleum Corporation Limited",
      "address": "Khata No, 48 & 269, Targa",
      "lat": 23.766618,
      "lng": 86.24746359999999,
      "open_now": true
    },
    {
      "place_id": "ChIJDbYVap8Z9DkRgyY8l3FJlso",
      "name": "Anand Kumar",
      "address": "Beliyatand, Narra",
      "lat": 23.7852491,
      "lng": 86.1075796,
      "open_now": null
    },
    {
      "place_id": "ChIJibDgkpYZ9DkRcpQIMu6uvj0",
      "name": "Sunil Kumar",
      "address": "Nara Beliyatand, Near Chandrapura",
      "lat": 23.78532389999999,
      "lng": 86.11044419999999,
      "open_now": null
    },
    {
      "place_id": "ChIJKdYP7pYZ9DkR0p7HpcQ-dXw",
      "name": "Bipin Fuel Station",
      "address": "near Beaty Parlour, Chirubaad Road, near Beaty Parlour, Chirubad, Taranga",
      "lat": 23.7863511,
      "lng": 86.155731,
      "open_now": null
    },
    {
      "place_id": "ChIJlXdFVz0a9DkRCNwWfh6jJRA",
      "name": "हिन्दु झटका मिट दुकान",
      "address": "R4C7+WQ6, Nawadhi Road, Telo",
      "lat": 23.8222998,
      "lng": 86.1143803,
      "open_now": null
    },
    {
      "place_id": "ChIJlR9ZI4Ue9DkRi31w5-WDk8Q",
      "name": "IndianOil",
      "address": "Bokaro, Ground Floor Khanudih, Baghmara, Karmatand",
      "lat": 23.802805,
      "lng": 86.2070457,
      "open_now": true
    },
    {
      "place_id": "ChIJSeaR_oke9DkRcfto0bo7-C0",
      "name": "Hindustan Petroleum Corporation Limited",
      "address": "Ground Floor, Baghmara",
      "lat": 23.7947702,
      "lng": 86.2156425,
      "open_now": true
    },
    {
      "place_id": "ChIJu6-asWQe9DkRYKbNegEBsMY",
      "name": "HP PETROL PUMP [JAGDISH FUELS]",
      "address": "HP Petrol Pump AT Jamuatand Post Dumra Nawagarh, PS: Baghmara, Ranchi",
      "lat": 23.8001191,
      "lng": 86.2186967,
      "open_now": true
    },
    {
      "place_id": "ChIJayEHSLQf9DkR71nDyuWaN4I",
      "name": "IndianOil",
      "address": "near Harina, Ground Floor Baghmara, Dumra, near Harina, Chauk",
      "lat": 23.7949538,
      "lng": 86.2120779,
      "open_now": true
    },
    {
      "place_id": "ChIJo9MvGQAf9DkRV-EWw3DnQgU",
      "name": "Jai Jagdambey Fuel Station",
      "address": "Bada pandeydih, Baghmara",
      "lat": 23.80246,
      "lng": 86.206698,
      "open_now": true
    },
    {
      "place_id": "ChIJp3tJ6oke9DkRqyLrpBT3lFk",
      "name": "DUMRA PETROL SERVICE STATION [CNG - DUMRA]",
      "address": "Harina Basti",
      "lat": 23.7956875,
      "lng": 86.2148125,
      "open_now": true
    },
    {
      "place_id": "ChIJ96GtLY8f9DkRR7Cdcg-l4EI",
      "name": "Hindustan Petroleum Corporation Limited",
      "address": "Ground Floor Dumra, Nawagarh, Baghmara",
      "lat": 23.800361,
      "lng": 86.21886099999999,
      "open_now": true
    },
    {
      "place_id": "ChIJWUi0828d9DkRJI7lGJYG8mM",
      "name": "Hindustan Petroleum Corporation Limited",
      "address": "Plot 313 Block, Gomoh Road, Ghorathi, Baghmara",
      "lat": 23.8227823,
      "lng": 86.1920215,
      "open_now": true
    },
    {
      "place_id": "ChIJVVVVlWQe9DkR8CyEcXKZsqM",
      "name": "Bharat Petroleum [Jamuatand Chowk]",
      "address": "R62F+425, Jamuatand",
      "lat": 23.8002569,
      "lng": 86.2226156,
      "open_now": true
    },
    {
      "place_id": "ChIJc-OllNKg9jkRbt0G2QatUV4",
      "name": "BHARAT PETROLEUM MS BK AUTOMOBILES PETROL PUMP",
      "address": "R76P+WVV, Vishwakarma Tola Road, Tilatand, Katras",
      "lat": 23.812166,
      "lng": 86.28817699999999,
      "open_now": true
    },
    {
      "place_id": "ChIJtcZMICUe9DkRLCx9d9bCAnU",
      "name": "Maheshpur Petrol Pump",
      "address": "Kharkharee",
      "lat": 23.7801641,
      "lng": 86.2474984,
      "open_now": null
    },
    {
      "place_id": "ChIJSbDd6eKh9jkRtGQfCnzIWsg",
      "name": "IndianOil",
      "address": "Ground Floor Mehtadih, Sonardih, Angarpathar",
      "lat": 23.799971,
      "lng": 86.27425799999999,
      "open_now": true
    },
    {
      "place_id": "ChIJOQb5824d9DkRqQ3hG882FD4",
      "name": "Kacha Masala",
      "address": "Muraidih Basti, Hira Ka Road",
      "lat": 23.81556,
      "lng": 86.24223959999999,
      "open_now": null
    },
    {
      "place_id": "ChIJ7xITrIyn9jkRK9Hr4X772nQ",
      "name": "IndianOil",
      "address": "Khata No 9 & 99, Baghmara, Plot No 3/5/1964, Behrakudar, Kharkharee",
      "lat": 23.82317189999999,
      "lng": 86.26196039999999,
      "open_now": true
    },
    {
      "place_id": "ChIJVSSwKc2h9jkRqKLov-bpsHA",
      "name": "Bharat Patroleum",
      "address": "001, Malkera Road, Lakarka",
      "lat": 23.79135789999999,
      "lng": 86.29967669999999,
      "open_now": null
    },
    {
      "place_id": "ChIJz17bGSeh9jkRURURwXbfIl4",
      "name": "Katras Electronics",
      "address": "near KHEMKA PETROL PUMP, Dhanbad Chhatabad Road, Katras",
      "lat": 23.7981757,
      "lng": 86.2990384,
      "open_now": true
    },
    {
      "place_id": "ChIJZZDI2Qqh9jkR4ei-f65iWDY",
      "name": "Hindustan Petroleum Corporation Limited",
      "address": "Ground Floor, Katrasgarh, Dhanbad",
      "lat": 23.798287,
      "lng": 86.29906799999999,
      "open_now": true
    },
    {
      "place_id": "ChIJa3lrTDGn9jkRTptbR0UKO3A",
      "name": "Shyamdih Petrol Pump",
      "address": "Katras",
      "lat": 23.820835,
      "lng": 86.28210399999999,
      "open_now": true
    },
    {
      "place_id": "ChIJObqtNUKh9jkRc0-f_LJ1vMs",
      "name": "IndianOil",
      "address": "Khata No 311, No 239 Plot No 1767, Baghmara, Bazar, Katras",
      "lat": 23.80921,
      "lng": 86.29655,
      "open_now": true
    },
    {
      "place_id": "ChIJ-2x-aXgb9DkRLktFIfla0js",
      "name": "IndianOil",
      "address": "Ground Floor Bhendra, Hariharpur, Gunghasa",
      "lat": 23.859602,
      "lng": 86.16643499999999,
      "open_now": true
    },
    {
      "place_id": "ChIJ2_HkZ9QR9DkR_-_f5VNoSmY",
      "name": "IndianOil",
      "address": "Plot No 1855 Chirudih, Block, Nawadih, Potso",
      "lat": 23.843746,
      "lng": 86.051166,
      "open_now": true
    },
    {
      "place_id": "ChIJKaQVIykR9DkRZfAWDt8sI2k",
      "name": "M.S Laxmi Fules.",
      "address": "Nawadih, Chirudih",
      "lat": 23.8525308,
      "lng": 86.04531209999999,
      "open_now": null
    },
    {
      "place_id": "ChIJf9Fm5TcR9DkRotFF3c_gNV4",
      "name": "IndianOil",
      "address": "Mouza No 78, Khata No 18, Plot No 151, Amlo, Birni",
      "lat": 23.82092,
      "lng": 86.041657,
      "open_now": true
    },
    {
      "place_id": "ChIJUXbHlsIR9DkRIIQfcK_A9vA",
      "name": "Kuddush",
      "address": "Nawadih Main Road, Nawadih",
      "lat": 23.8472761,
      "lng": 86.0355911,
      "open_now": null
    },
    {
      "place_id": "ChIJFSPjGR8R9DkR0CxwAqIWhJo",
      "name": "Jawed AUTO Electrical",
      "address": "R2CM+H92, Birni",
      "lat": 23.8213902,
      "lng": 86.0333787,
      "open_now": null
    },
    {
      "place_id": "ChIJaUwgVPUb9DkRxHuB6Y4_nWA",
      "name": "Ashma Bibi",
      "address": "near School, 12 Laludih, near School, Gomoh",
      "lat": 23.8580002,
      "lng": 86.158091,
      "open_now": null
    },
    {
      "place_id": "ChIJgW_tLEcR9DkRAcz_PJ8I08o",
      "name": "IndianOil",
      "address": "Khata No 10, near Potso, Plot No 146, Nawadih, Bhalmara",
      "lat": 23.8252866,
      "lng": 86.0303261,
      "open_now": true
    },
    {
      "place_id": "ChIJC_thnUQb9DkRXB11PvG73z0",
      "name": "Md Mursal",
      "address": "near School, 22 Laludih, near School, Gomoh",
      "lat": 23.8612669,
      "lng": 86.1592809,
      "open_now": null
    },
    {
      "place_id": "ChIJ4w_yg-wb9DkRu53uNQhqo74",
      "name": "ASJAD STORE",
      "address": "Hariharpur",
      "lat": 23.8920423,
      "lng": 86.1324018,
      "open_now": null
    },
    {
      "place_id": "ChIJ5TwbI-Eb9DkRSbzWfq9FwRM",
      "name": "Dheeraj Patrol Pump",
      "address": "Chandrapura, H-72, Korkota",
      "lat": 23.8924881,
      "lng": 86.1355832,
      "open_now": null
    },
    {
      "place_id": "ChIJY816oCkb9DkR-eLgsilXGRk",
      "name": "Md Rajaul Ansari",
      "address": "near by Flyover, Gomoh Road",
      "lat": 23.8528659,
      "lng": 86.17402799999999,
      "open_now": null
    },
    {
      "place_id": "ChIJeS6CuaAb9DkRCFfIECct-ps",
      "name": "FUEL PUMP",
      "address": "Gomoh Road, Gomoh",
      "lat": 23.8529901,
      "lng": 86.17406319999999,
      "open_now": null
    },
    {
      "place_id": "ChIJkTYo4Iod9DkRbxAXQJiKks4",
      "name": "Shivani fuels Bharat petroleum",
      "address": "Khario",
      "lat": 23.8363585,
      "lng": 86.1901085,
      "open_now": true
    },
    {
      "place_id": "ChIJ2wpRiJsb9DkR8hwe4pl21I0",
      "name": "Hindustan Petroleum Corporation Limited",
      "address": "Ground Floor, Block Topchanchi, Khesmi, Dhanbad",
      "lat": 23.8748383,
      "lng": 86.16703079999999,
      "open_now": true
    },
    {
      "place_id": "ChIJO669NmEb9DkRs4SC7RIrZsU",
      "name": "IndianOil",
      "address": "Ground Floor Bhuiyachitro, Bhendra, Gomoh, Topchanchi",
      "lat": 23.87963,
      "lng": 86.17179,
      "open_now": true
    },
    {
      "place_id": "ChIJ3bDqJf8b9DkRmsD-rOLiaFM",
      "name": "Ambika Fules",
      "address": "Ambika Fules, Gomoh, Dhanbad",
      "lat": 23.8812858,
      "lng": 86.1732445,
      "open_now": null
    },
    {
      "place_id": "ChIJzVGFM1Ed9DkRUx2bGAxu5cQ",
      "name": "Ram Manohar Saw",
      "address": "near by Hari Mandir, Ramakunda",
      "lat": 23.8561386,
      "lng": 86.2115615,
      "open_now": null
    },
    {
      "place_id": "ChIJEU83Z5Ed9DkRNBenZFPQ3RM",
      "name": "Tofique",
      "address": "near Masjid, 35, near Masjid, Chitro",
      "lat": 23.8819048,
      "lng": 86.1775353,
      "open_now": null
    },
    {
      "place_id": "ChIJo2v3MTgd9DkRJDr-BI1iBas",
      "name": "Arhan Fule",
      "address": "near Masjid, 49, near Masjid, Chitro",
      "lat": 23.8824315,
      "lng": 86.1788315,
      "open_now": null
    },
    {
      "place_id": "ChIJlY_UdQAd9DkRneToY7gy-iw",
      "name": "IndianOil",
      "address": "Ground Floor, Bhagat, Topchanchi",
      "lat": 23.8939166,
      "lng": 86.1887392,
      "open_now": null
    },
    {
      "place_id": "ChIJmQCHR2kd9DkRKrWB2QYfAAU",
      "name": "MD DANISH RAZA",
      "address": "near Mahjid, W515, Topchanchi Road, Matari",
      "lat": 23.848361,
      "lng": 86.2524444,
      "open_now": null
    },
    {
      "place_id": "ChIJ2WC47GYd9DkRV5FuOnpJIqE",
      "name": "Md Anis Ansari",
      "address": "near by Matari, Matari",
      "lat": 23.8472782,
      "lng": 86.25380489999999,
      "open_now": null
    },
    {
      "place_id": "ChIJ_TO14vWn9jkRwdhxMi-0Lus",
      "name": "Hindustan Petroleum Corporation Limited",
      "address": "Ground Floor, NH 2, Topchanchi, Ledatanr",
      "lat": 23.894677,
      "lng": 86.241711,
      "open_now": true
    },
    {
      "place_id": "ChIJhQSW3C8d9DkRbiAfyGtP62M",
      "name": "IndianOil",
      "address": "Ground Floor, Topchandhi, Grand Trunk Road, Sahubahiar",
      "lat": 23.8973302,
      "lng": 86.2253537,
      "open_now": true
    },
    {
      "place_id": "ChIJm--nBDqn9jkRTpXz0Mnrqdw",
      "name": "Jio-bp",
      "address": "Plot No 443, 449 & 460, Topchanchi",
      "lat": 23.8831886,
      "lng": 86.2841254,
      "open_now": true
    },
    {
      "place_id": "ChIJPW_cCgCn9jkRjAmY_Khsuzk",
      "name": "CNG Gail Gas jio RMBL Rajganj",
      "address": "V7MM+9HH, Kotaldih",
      "lat": 23.8834447,
      "lng": 86.28399859999999,
      "open_now": true
    },
    {
      "place_id": "ChIJV1GODeim9jkRv_NCNm6gaYg",
      "name": "Hindustan Petroleum Corporation Limited",
      "address": "Ground Floor, More, Kanko",
      "lat": 23.839457,
      "lng": 86.30735399999999,
      "open_now": true
    },
    {
      "place_id": "ChIJ48xqBYsd9DkRNn2vG3CzerA",
      "name": "IndianOil",
      "address": "Ground Floor, Topchanchi",
      "lat": 23.8997758,
      "lng": 86.21828450000001,
      "open_now": true
    },
    {
      "place_id": "ChIJmd5xoikd9DkRJts8M4vewho",
      "name": "Sah Filling Station",
      "address": "Sahubahiyar, National Highway 19, Sahubahiar",
      "lat": 23.89971929999999,
      "lng": 86.2178187,
      "open_now": true
    },
    {
      "place_id": "ChIJt6VQ-sGn9jkR783RCBM2aew",
      "name": "IndianOil",
      "address": "Ground Floor Rajganj, Barwadih, Kankomath, Angarpathar",
      "lat": 23.8483414,
      "lng": 86.3091472,
      "open_now": true
    },
    {
      "place_id": "ChIJG7vDVwCn9jkRamxvjDFBGKs",
      "name": "AR FILLING POINT",
      "address": "R8Q6+9P, Udalbani",
      "lat": 23.8373067,
      "lng": 86.31121329999999,
      "open_now": true
    },
    {
      "place_id": "ChIJ209AyaCn9jkRTZrNQ70rDXw",
      "name": "IndianOil",
      "address": "Ground Floor Dayabansh, Pahar, Topchanchi, Brahmandiha",
      "lat": 23.881376,
      "lng": 86.293793,
      "open_now": true
    }
  ]
}